2021,1,20.46,15.47,-999.0,33.05,0.13,0.34,8.59
2021,2,20.52,14.25,-999.0,44.33,0.13,0.34,7.36
2021,3,20.86,12.88,-999.0,47.31,0.13,0.34,6.07
2021,4,20.97,12.52,-999.0,46.85,0.13,0.34,5.28
2021,5,20.64,12.21,-999.0,46.01,0.13,0.34,5.88
2021,6,20.82,10.94,-999.0,42.94,0.13,0.34,3.92
2021,7,20.81,10.29,-999.0,41.65,0.12,0.34,3.25
2021,8,20.64,9.98,-999.0,45.81,0.12,0.34,2.31
2021,9,21.08,10.58,-999.0,45.27,0.12,0.34,2.78
2021,10,20.48,10.99,-999.0,42.49,0.12,0.34,3.54
2021,11,19.03,10.05,-999.0,41.58,0.13,0.34,1.88
2021,12,20.07,8.94,-999.0,47.46,0.14,0.34,0.77
2021,13,20.89,10.41,-999.0,49.04,0.14,0.34,2.55
2021,14,21.82,13.23,-999.0,36.88,0.14,0.34,4.58
2021,15,21.97,14.94,-999.0,23.22,0.14,0.34,6.69
2021,16,22.32,14.56,-999.0,21.9,0.13,0.34,7.67
2021,17,22.06,15.14,-999.0,21.0,0.13,0.34,7.29
2021,18,22.44,14.41,-999.0,20.41,0.13,0.34,6.74
2021,19,22.8,13.97,-999.0,13.62,0.13,0.34,6.4
2021,20,22.05,16.05,-999.0,10.33,0.12,0.34,9.03
2021,21,22.15,14.68,-999.0,16.07,0.12,0.34,5.77
2021,22,18.21,10.2,-999.0,39.58,0.12,0.34,1.29
2021,23,18.75,12.36,-999.0,31.92,0.12,0.34,3.94
2021,24,20.44,14.26,-999.0,25.85,0.12,0.34,5.77
2021,25,22.16,14.74,-999.0,18.36,0.11,0.34,7.29
2021,26,22.59,13.78,-999.0,16.59,0.11,0.34,5.62
2021,27,22.91,12.83,-999.0,20.61,0.11,0.34,5.09
2021,28,22.92,13.74,-999.0,20.23,0.11,0.34,5.31
2021,29,22.42,15.78,-999.0,20.03,0.11,0.34,6.77
2021,30,22.72,16.61,-999.0,19.49,0.11,0.34,10.67
2021,31,22.48,13.99,-999.0,25.51,0.11,0.34,7.76
2021,32,23.41,13.47,-999.0,28.41,0.1,0.34,5.93
2021,33,23.1,13.42,-999.0,28.8,0.1,0.34,6.23
2021,34,23.78,12.4,-999.0,28.42,0.1,0.34,4.68
2021,35,23.96,13.3,-999.0,20.78,0.1,0.34,6.45
2021,36,23.73,15.57,-999.0,23.25,0.1,0.34,6.36
2021,37,21.27,14.94,-999.0,44.79,0.19,0.34,7.11
2021,38,19.83,13.54,-999.0,55.32,0.26,0.34,6.94
2021,39,12.83,8.11,-999.0,71.37,0.25,0.34,4.75
2021,40,12.54,8.98,-999.0,72.11,0.36,0.35,4.7
2021,41,23.29,11.24,-999.0,57.18,0.33,0.35,3.53
2021,42,24.26,12.96,-999.0,39.14,0.31,0.35,6.08
2021,43,24.46,13.8,-999.0,33.6,0.28,0.35,6.37
2021,44,24.29,15.47,-999.0,30.62,0.26,0.34,8.56
2021,45,23.78,15.68,-999.0,25.85,0.24,0.34,9.15
2021,46,24.61,15.72,-999.0,27.13,0.22,0.34,9.25
2021,47,24.73,16.69,-999.0,25.79,0.21,0.34,9.22
2021,48,24.94,18.18,-999.0,29.11,0.2,0.34,9.92
2021,49,23.69,17.36,-999.0,33.67,0.19,0.34,8.97
2021,50,21.94,15.2,-999.0,55.08,0.18,0.34,8.26
2021,51,21.79,16.89,-999.0,39.1,0.17,0.34,9.78
2021,52,21.65,17.46,-999.0,36.72,0.17,0.34,12.21
2021,53,23.17,17.14,-999.0,40.0,0.16,0.34,10.22
2021,54,22.74,18.11,-999.0,36.12,0.16,0.34,11.22
2021,55,23.39,19.0,-999.0,36.83,0.15,0.34,12.13
2021,56,21.31,18.34,-999.0,50.69,0.15,0.34,11.15
2021,57,23.47,17.28,-999.0,42.89,0.15,0.34,9.53
2021,58,21.85,17.55,-999.0,35.22,0.14,0.34,9.3
2021,59,22.62,17.9,-999.0,32.39,0.14,0.34,10.76
2021,60,23.1,18.55,-999.0,31.78,0.14,0.34,12.02
2021,61,22.25,18.0,-999.0,35.4,0.13,0.34,12.08
2021,62,26.03,17.15,-999.0,22.19,0.13,0.34,11.34
2021,63,26.32,16.73,-999.0,25.2,0.13,0.34,8.86
2021,64,25.8,16.72,-999.0,28.19,0.12,0.34,11.38
2021,65,25.84,15.29,-999.0,22.56,0.12,0.34,9.66
2021,66,26.15,14.17,-999.0,33.18,0.12,0.34,6.45
2021,67,26.57,16.28,-999.0,29.89,0.12,0.34,8.72
2021,68,27.15,17.1,-999.0,21.61,0.12,0.34,8.36
2021,69,27.52,17.31,-999.0,15.64,0.11,0.34,10.01
2021,70,27.59,17.06,-999.0,13.68,0.11,0.34,10.27
2021,71,27.75,18.24,-999.0,15.94,0.11,0.34,9.6
2021,72,27.25,19.03,-999.0,14.67,0.11,0.34,12.25
2021,73,25.21,18.34,-999.0,13.03,0.11,0.34,11.42
2021,74,26.63,17.49,-999.0,15.32,0.1,0.34,10.53
2021,75,28.57,17.18,-999.0,13.75,0.1,0.34,9.71
2021,76,28.2,17.35,-999.0,14.29,0.1,0.34,10.4
2021,77,28.15,17.6,-999.0,12.46,0.1,0.34,11.09
2021,78,27.97,17.66,-999.0,12.38,0.1,0.34,11.26
2021,79,27.38,17.33,-999.0,9.63,0.1,0.34,11.21
2021,80,27.7,16.35,-999.0,16.53,0.1,0.34,10.65
2021,81,26.82,15.7,-999.0,21.57,0.09,0.34,8.1
2021,82,28.01,16.65,-999.0,21.27,0.09,0.34,10.12
2021,83,27.91,17.88,-999.0,16.59,0.09,0.34,10.97
2021,84,28.52,18.53,-999.0,16.09,0.09,0.34,11.85
2021,85,28.56,17.82,-999.0,16.16,0.09,0.34,12.26
2021,86,28.36,16.77,-999.0,16.06,0.09,0.34,9.41
2021,87,28.48,16.84,-999.0,19.94,0.09,0.34,10.87
2021,88,27.31,17.19,-999.0,22.02,0.09,0.34,11.31
2021,89,27.65,17.37,-999.0,26.19,0.09,0.34,9.38
2021,90,27.4,18.17,-999.0,22.72,0.09,0.34,11.1
2021,91,28.4,19.0,-999.0,17.58,0.09,0.34,12.68
2021,92,28.43,19.01,-999.0,14.93,0.09,0.34,13.33
2021,93,28.3,20.0,-999.0,11.79,0.08,0.34,13.89
2021,94,26.18,19.69,-999.0,12.44,0.08,0.34,13.02
2021,95,27.94,17.38,-999.0,17.36,0.08,0.34,10.47
2021,96,27.78,15.85,-999.0,21.81,0.08,0.33,7.13
2021,97,27.86,17.11,-999.0,15.9,0.08,0.33,9.35
2021,98,28.84,17.76,-999.0,13.97,0.08,0.33,9.86
2021,99,28.33,19.04,-999.0,14.87,0.08,0.33,11.37
2021,100,26.84,20.0,-999.0,20.17,0.08,0.33,12.13
2021,101,26.03,20.29,-999.0,27.83,0.08,0.33,12.37
2021,102,25.13,20.69,-999.0,28.43,0.08,0.33,13.37
2021,103,26.45,20.95,-999.0,28.65,0.08,0.33,13.61
2021,104,26.95,20.74,-999.0,26.56,0.08,0.33,13.4
2021,105,26.21,20.76,-999.0,24.03,0.08,0.33,14.67
2021,106,26.64,20.03,-999.0,23.42,0.08,0.33,13.16
2021,107,24.54,17.78,-999.0,32.46,0.08,0.33,9.81
2021,108,27.39,18.07,-999.0,29.79,0.08,0.33,9.44
2021,109,19.21,17.64,-999.0,36.36,0.08,0.33,11.75
2021,110,25.89,17.99,-999.0,37.05,0.08,0.33,10.95
2021,111,26.9,19.18,-999.0,29.43,0.08,0.33,13.06
2021,112,27.39,19.46,-999.0,24.62,0.08,0.33,13.52
2021,113,26.12,19.84,-999.0,24.17,0.08,0.33,13.35
2021,114,23.72,19.98,-999.0,28.34,0.08,0.33,13.95
2021,115,22.61,20.73,-999.0,30.68,0.08,0.33,15.31
2021,116,20.1,18.6,-999.0,47.36,0.08,0.33,14.74
2021,117,20.44,17.31,-999.0,62.43,0.16,0.34,13.54
2021,118,19.39,17.82,-999.0,66.98,0.29,0.35,14.08
2021,119,19.88,17.8,-999.0,64.58,0.3,0.35,13.08
2021,120,19.46,16.59,-999.0,68.61,0.31,0.35,12.76
2021,121,14.96,15.24,-999.0,70.87,0.3,0.35,12.77
2021,122,17.17,16.72,-999.0,51.23,0.28,0.34,10.63
2021,123,18.35,18.38,-999.0,31.58,0.27,0.34,12.62
2021,124,20.02,19.36,-999.0,34.63,0.24,0.34,13.73
2021,125,23.65,19.79,-999.0,30.77,0.23,0.34,14.61
2021,126,17.94,18.71,-999.0,48.86,0.21,0.34,14.77
2021,127,20.77,19.53,-999.0,40.04,0.21,0.34,13.5
2021,128,27.04,20.01,-999.0,25.44,0.2,0.34,14.08
2021,129,25.37,20.57,-999.0,24.6,0.18,0.34,14.15
2021,130,28.21,20.88,-999.0,24.12,0.18,0.34,14.34
2021,131,24.34,22.07,-999.0,28.03,0.17,0.34,16.32
2021,132,24.38,21.02,-999.0,46.37,0.16,0.34,15.4
2021,133,24.79,22.05,-999.0,41.04,0.16,0.34,14.54
2021,134,26.64,22.88,-999.0,26.24,0.15,0.34,16.59
2021,135,24.87,22.93,-999.0,23.89,0.15,0.34,16.66
2021,136,21.52,22.86,-999.0,29.36,0.14,0.34,18.11
2021,137,23.83,23.54,-999.0,29.67,0.14,0.34,18.33
2021,138,22.8,23.16,-999.0,27.73,0.13,0.34,17.8
2021,139,27.48,22.48,-999.0,20.99,0.13,0.34,15.84
2021,140,28.76,21.55,-999.0,16.22,0.13,0.34,15.28
2021,141,28.52,20.91,-999.0,26.44,0.12,0.34,13.63
2021,142,28.07,22.36,-999.0,26.6,0.12,0.34,15.56
2021,143,28.55,22.1,-999.0,36.99,0.12,0.34,13.86
2021,144,27.87,22.25,-999.0,33.22,0.12,0.34,13.95
2021,145,27.86,22.49,-999.0,25.89,0.11,0.34,15.33
2021,146,28.87,22.21,-999.0,20.17,0.11,0.34,16.56
2021,147,27.79,21.05,-999.0,20.43,0.11,0.34,14.81
2021,148,28.2,21.51,-999.0,24.12,0.11,0.34,14.67
2021,149,28.68,21.91,-999.0,23.47,0.11,0.34,14.57
2021,150,28.32,22.07,-999.0,20.65,0.11,0.34,14.93
2021,151,28.42,21.64,-999.0,18.96,0.1,0.34,15.17
2021,152,28.0,21.22,-999.0,18.63,0.1,0.34,14.9
2021,153,26.6,20.32,-999.0,32.07,0.1,0.34,13.63
2021,154,28.59,21.69,-999.0,25.36,0.1,0.34,15.57
2021,155,28.5,22.33,-999.0,24.31,0.1,0.34,17.23
2021,156,29.02,22.22,-999.0,21.89,0.1,0.34,15.72
2021,157,29.21,22.87,-999.0,17.78,0.1,0.34,16.04
2021,158,26.15,23.66,-999.0,18.52,0.1,0.34,16.69
2021,159,25.93,23.28,-999.0,19.43,0.1,0.34,15.97
2021,160,25.91,23.06,-999.0,22.62,0.09,0.34,16.87
2021,161,26.84,23.41,-999.0,16.43,0.09,0.34,17.25
2021,162,26.77,23.14,-999.0,17.31,0.09,0.34,17.05
2021,163,24.99,22.59,-999.0,18.86,0.09,0.34,17.1
2021,164,24.54,22.01,-999.0,16.16,0.09,0.34,16.38
2021,165,23.19,21.61,-999.0,15.75,0.09,0.34,15.81
2021,166,23.69,22.33,-999.0,17.34,0.09,0.34,16.02
2021,167,24.16,23.36,-999.0,26.09,0.09,0.34,16.98
2021,168,24.04,23.17,-999.0,27.76,0.09,0.34,15.93
2021,169,26.11,23.35,-999.0,17.03,0.09,0.34,17.19
2021,170,22.61,23.12,-999.0,22.6,0.09,0.34,17.08
2021,171,26.44,22.7,-999.0,14.79,0.09,0.34,16.62
2021,172,28.14,22.73,-999.0,12.09,0.08,0.34,16.32
2021,173,26.57,22.54,-999.0,19.3,0.08,0.34,15.33
2021,174,23.1,22.56,-999.0,25.36,0.08,0.34,16.03
2021,175,27.28,22.49,-999.0,14.41,0.08,0.33,15.72
2021,176,25.57,21.76,-999.0,15.63,0.08,0.33,15.94
2021,177,24.67,22.35,-999.0,20.21,0.08,0.33,14.01
2021,178,24.7,22.19,-999.0,33.42,0.08,0.33,16.05
2021,179,25.18,22.85,-999.0,27.66,0.08,0.33,16.75
2021,180,28.0,22.28,-999.0,19.16,0.08,0.33,16.05
2021,181,26.32,21.62,-999.0,19.82,0.08,0.33,16.52
2021,182,27.05,22.3,-999.0,24.64,0.08,0.33,16.16
2021,183,26.1,23.24,-999.0,26.07,0.08,0.33,15.94
2021,184,23.73,23.67,-999.0,31.65,0.08,0.33,17.81
2021,185,22.46,24.95,-999.0,24.86,0.08,0.33,17.7
2021,186,27.17,24.32,-999.0,18.38,0.08,0.33,18.47
2021,187,26.65,23.91,-999.0,18.95,0.08,0.33,18.28
2021,188,27.34,22.94,-999.0,26.72,0.08,0.33,16.15
2021,189,20.68,23.61,-999.0,39.23,0.08,0.33,16.71
2021,190,25.37,24.51,-999.0,33.31,0.08,0.33,18.55
2021,191,22.23,23.8,-999.0,35.3,0.08,0.33,18.03
2021,192,24.91,23.45,-999.0,39.04,0.08,0.33,16.06
2021,193,22.95,23.45,-999.0,39.21,0.08,0.33,15.98
2021,194,17.9,22.86,-999.0,40.68,0.08,0.33,17.86
2021,195,15.93,20.94,-999.0,50.87,0.08,0.33,16.21
2021,196,19.84,20.32,-999.0,56.18,0.08,0.33,15.17
2021,197,17.01,18.7,-999.0,67.65,0.08,0.33,14.78
2021,198,17.49,19.01,-999.0,60.82,0.08,0.33,14.79
2021,199,20.46,18.6,-999.0,64.04,0.08,0.33,14.34
2021,200,22.56,19.68,-999.0,58.07,0.08,0.33,13.3
2021,201,15.46,18.73,-999.0,74.3,0.34,0.35,16.33
2021,202,15.73,17.81,-999.0,76.86,0.39,0.36,14.65
2021,203,18.44,20.22,-999.0,65.34,0.38,0.36,15.45
2021,204,20.14,18.58,-999.0,74.54,0.42,0.36,14.69
2021,205,17.99,19.6,-999.0,69.03,0.39,0.37,15.61
2021,206,15.36,20.06,-999.0,66.74,0.36,0.37,16.26
2021,207,23.14,21.14,-999.0,61.12,0.35,0.37,14.59
2021,208,23.65,21.74,-999.0,57.08,0.34,0.37,15.13
2021,209,24.3,22.73,-999.0,52.66,0.33,0.36,17.03
2021,210,22.64,22.91,-999.0,50.99,0.33,0.36,17.25
2021,211,23.4,22.36,-999.0,56.18,0.33,0.36,17.52
2021,212,18.64,21.64,-999.0,57.82,0.34,0.36,17.06
2021,213,22.81,21.1,-999.0,59.22,0.38,0.36,15.81
2021,214,21.69,21.11,-999.0,58.62,0.35,0.36,15.97
2021,215,23.21,21.2,-999.0,56.49,0.33,0.36,15.15
2021,216,24.04,21.51,-999.0,58.53,0.32,0.36,15.32
2021,217,21.7,20.75,-999.0,59.66,0.33,0.36,16.83
2021,218,22.29,21.13,-999.0,59.25,0.47,0.38,14.97
2021,219,22.59,22.13,-999.0,52.31,0.39,0.39,16.57
2021,220,22.81,22.7,-999.0,48.92,0.37,0.39,16.95
2021,221,21.82,23.0,-999.0,41.43,0.35,0.39,17.5
2021,222,21.71,22.72,-999.0,38.22,0.34,0.38,17.22
2021,223,23.17,23.28,-999.0,40.5,0.34,0.38,17.23
2021,224,25.52,22.84,-999.0,41.1,0.34,0.38,17.27
2021,225,23.45,23.02,-999.0,35.8,0.33,0.37,17.3
2021,226,24.9,23.37,-999.0,35.38,0.33,0.37,17.16
2021,227,17.87,22.65,-999.0,42.07,0.33,0.37,16.06
2021,228,24.52,22.62,-999.0,34.56,0.33,0.37,16.67
2021,229,25.37,22.6,-999.0,33.61,0.32,0.36,16.77
2021,230,27.51,22.66,-999.0,31.45,0.32,0.36,17.44
2021,231,25.88,22.98,-999.0,30.42,0.31,0.36,17.29
2021,232,24.64,22.89,-999.0,34.08,0.3,0.36,17.59
2021,233,21.5,22.71,-999.0,35.61,0.29,0.35,18.05
2021,234,26.57,21.14,-999.0,35.36,0.28,0.35,15.19
2021,235,25.29,21.38,-999.0,38.93,0.27,0.35,14.42
2021,236,22.92,22.16,-999.0,37.58,0.26,0.35,15.54
2021,237,22.53,22.58,-999.0,41.63,0.25,0.35,17.34
2021,238,26.25,23.03,-999.0,34.09,0.24,0.35,15.6
2021,239,24.29,23.17,-999.0,36.52,0.23,0.35,16.11
2021,240,24.31,23.67,-999.0,30.63,0.22,0.35,17.55
2021,241,22.74,21.8,-999.0,24.98,0.21,0.34,16.24
2021,242,26.16,22.45,-999.0,25.67,0.21,0.34,15.81
2021,243,19.1,21.57,-999.0,40.03,0.2,0.34,16.84
2021,244,23.0,21.28,-999.0,35.91,0.2,0.34,13.99
2021,245,22.93,21.21,-999.0,34.72,0.24,0.35,14.41
2021,246,23.96,22.1,-999.0,30.72,0.24,0.35,16.91
2021,247,20.32,22.02,-999.0,38.02,0.22,0.34,14.96
2021,248,19.95,21.5,-999.0,36.59,0.21,0.34,16.32
2021,249,20.95,22.25,-999.0,33.01,0.21,0.34,15.46
2021,250,20.63,22.36,-999.0,39.54,0.2,0.34,16.79
2021,251,24.63,22.15,-999.0,24.74,0.19,0.34,15.46
2021,252,14.7,21.88,-999.0,30.28,0.19,0.34,17.92
2021,253,22.48,22.36,-999.0,29.91,0.23,0.34,16.42
2021,254,26.18,22.62,-999.0,24.63,0.22,0.34,17.09
2021,255,23.89,22.31,-999.0,30.83,0.21,0.34,16.66
2021,256,26.31,21.01,-999.0,36.89,0.2,0.34,14.14
2021,257,26.16,20.67,-999.0,29.37,0.19,0.34,13.91
2021,258,25.36,20.63,-999.0,26.87,0.18,0.34,13.98
2021,259,25.51,20.94,-999.0,25.68,0.17,0.34,14.22
2021,260,23.92,21.31,-999.0,31.13,0.16,0.34,15.45
2021,261,25.23,20.99,-999.0,28.53,0.16,0.34,15.08
2021,262,24.57,20.69,-999.0,23.28,0.15,0.34,14.87
2021,263,25.66,21.08,-999.0,23.74,0.15,0.34,14.87
2021,264,22.68,21.42,-999.0,30.92,0.15,0.34,15.74
2021,265,19.43,20.13,-999.0,44.29,0.16,0.34,15.83
2021,266,26.69,19.77,-999.0,23.72,0.16,0.34,14.3
2021,267,26.45,19.1,-999.0,26.88,0.15,0.34,13.38
2021,268,27.0,19.29,-999.0,23.16,0.15,0.34,13.79
2021,269,27.1,19.01,-999.0,20.11,0.15,0.34,12.24
2021,270,26.21,18.74,-999.0,23.69,0.14,0.34,12.4
2021,271,23.83,20.41,-999.0,28.83,0.14,0.34,14.32
2021,272,21.29,21.06,-999.0,33.78,0.14,0.34,14.32
2021,273,22.65,21.58,-999.0,34.82,0.13,0.34,15.46
2021,274,23.27,21.21,-999.0,28.77,0.13,0.34,15.56
2021,275,20.86,20.29,-999.0,35.61,0.13,0.34,13.68
2021,276,18.29,19.09,-999.0,52.11,0.13,0.34,13.0
2021,277,17.45,21.04,-999.0,48.32,0.13,0.34,15.17
2021,278,23.95,20.86,-999.0,34.89,0.12,0.34,14.97
2021,279,23.62,20.02,-999.0,30.37,0.12,0.34,13.89
2021,280,22.48,19.77,-999.0,41.26,0.12,0.34,13.39
2021,281,17.28,17.83,-999.0,67.76,0.15,0.34,13.97
2021,282,19.33,18.24,-999.0,58.73,0.31,0.35,12.99
2021,283,19.49,17.45,-999.0,52.44,0.32,0.35,11.05
2021,284,22.77,17.09,-999.0,42.6,0.29,0.35,10.31
2021,285,25.2,16.93,-999.0,30.17,0.27,0.34,11.18
2021,286,25.99,17.15,-999.0,20.65,0.25,0.34,11.89
2021,287,25.49,16.19,-999.0,27.02,0.23,0.34,10.62
2021,288,25.51,16.04,-999.0,30.9,0.21,0.34,9.66
2021,289,25.19,15.07,-999.0,26.7,0.21,0.34,8.11
2021,290,25.58,15.42,-999.0,25.62,0.2,0.34,8.12
2021,291,25.41,16.46,-999.0,24.2,0.19,0.34,10.74
2021,292,25.33,15.67,-999.0,26.35,0.18,0.34,9.76
2021,293,24.75,15.75,-999.0,31.09,0.17,0.34,9.21
2021,294,23.84,15.67,-999.0,34.36,0.17,0.34,8.86
2021,295,23.56,14.82,-999.0,41.56,0.17,0.34,8.09
2021,296,24.5,14.26,-999.0,37.3,0.17,0.34,7.88
2021,297,25.04,15.33,-999.0,28.16,0.16,0.34,8.97
2021,298,25.0,16.57,-999.0,17.91,0.16,0.34,9.38
2021,299,24.45,16.87,-999.0,16.43,0.15,0.34,10.35
2021,300,24.9,16.36,-999.0,18.09,0.15,0.34,10.14
2021,301,24.08,15.41,-999.0,29.12,0.14,0.34,9.59
2021,302,24.18,14.27,-999.0,29.21,0.14,0.34,8.33
2021,303,23.0,13.71,-999.0,46.64,0.14,0.34,6.65
2021,304,15.31,14.7,-999.0,63.32,0.14,0.34,9.68
2021,305,23.53,12.5,-999.0,41.19,0.14,0.34,5.92
2021,306,23.63,12.81,-999.0,34.94,0.14,0.34,5.78
2021,307,23.59,14.07,-999.0,33.24,0.13,0.34,7.5
2021,308,23.34,14.8,-999.0,29.87,0.13,0.34,8.56
2021,309,23.4,15.31,-999.0,26.63,0.13,0.34,9.21
2021,310,23.39,15.32,-999.0,25.19,0.13,0.34,9.12
2021,311,22.76,15.83,-999.0,25.11,0.13,0.34,8.98
2021,312,21.78,15.21,-999.0,26.56,0.12,0.34,8.28
2021,313,21.87,14.1,-999.0,27.56,0.12,0.34,7.49
2021,314,22.19,13.59,-999.0,35.89,0.12,0.34,7.19
2021,315,22.33,14.28,-999.0,34.88,0.12,0.34,7.65
2021,316,21.92,14.68,-999.0,30.18,0.12,0.34,8.06
2021,317,22.77,13.72,-999.0,23.14,0.12,0.34,7.21
2021,318,22.45,14.03,-999.0,24.04,0.12,0.34,7.14
2021,319,22.34,15.49,-999.0,31.75,0.11,0.34,8.29
2021,320,22.26,16.39,-999.0,28.32,0.11,0.34,8.43
2021,321,22.05,15.77,-999.0,28.66,0.11,0.34,9.73
2021,322,22.12,14.63,-999.0,30.97,0.11,0.34,8.3
2021,323,22.11,15.92,-999.0,32.07,0.11,0.34,8.44
2021,324,22.06,17.16,-999.0,41.73,0.11,0.34,8.9
2021,325,21.78,18.04,-999.0,28.36,0.11,0.34,12.22
2021,326,21.69,16.35,-999.0,29.3,0.11,0.34,9.68
2021,327,22.18,13.41,-999.0,31.43,0.11,0.34,7.4
2021,328,20.86,13.89,-999.0,27.06,0.11,0.34,7.1
2021,329,20.1,13.11,-999.0,33.86,0.11,0.34,7.13
2021,330,20.31,14.96,-999.0,44.85,0.1,0.34,7.92
2021,331,20.29,13.61,-999.0,47.67,0.1,0.34,7.9
2021,332,21.37,11.99,-999.0,43.73,0.1,0.34,5.44
2021,333,21.06,11.14,-999.0,44.58,0.1,0.34,4.12
2021,334,21.51,10.55,-999.0,41.57,0.1,0.34,4.24
2021,335,21.94,10.75,-999.0,32.41,0.1,0.34,3.94
2021,336,21.71,13.15,-999.0,24.26,0.1,0.34,4.53
2021,337,21.83,12.78,-999.0,21.98,0.1,0.34,5.54
2021,338,21.66,10.5,-999.0,29.32,0.1,0.34,3.14
2021,339,21.25,12.29,-999.0,34.96,0.1,0.34,4.07
2021,340,21.62,13.2,-999.0,28.77,0.1,0.34,6.82
2021,341,21.46,12.53,-999.0,25.85,0.1,0.34,5.24
2021,342,21.51,12.44,-999.0,15.76,0.1,0.34,5.36
2021,343,21.76,11.65,-999.0,14.05,0.1,0.34,4.42
2021,344,21.36,9.01,-999.0,29.05,0.1,0.34,2.31
2021,345,20.96,8.92,-999.0,45.0,0.1,0.34,1.09
2021,346,20.7,9.18,-999.0,46.32,0.1,0.34,1.75
2021,347,21.0,10.22,-999.0,42.4,0.1,0.34,2.77
2021,348,21.52,11.48,-999.0,25.4,0.1,0.34,3.27
2021,349,21.45,13.27,-999.0,20.03,0.09,0.34,4.25
2021,350,21.51,14.55,-999.0,18.9,0.09,0.34,7.73
2021,351,21.34,13.77,-999.0,30.19,0.09,0.34,5.48
2021,352,21.2,15.02,-999.0,22.91,0.09,0.34,6.25
2021,353,21.09,16.09,-999.0,24.73,0.09,0.34,9.05
2021,354,21.3,16.04,-999.0,29.47,0.09,0.34,7.8
2021,355,20.81,15.93,-999.0,30.58,0.09,0.34,7.5
2021,356,20.99,15.12,-999.0,22.06,0.1,0.34,8.64
2021,357,20.99,15.43,-999.0,25.57,0.11,0.34,8.11
2021,358,20.88,16.08,-999.0,21.66,0.11,0.34,7.91
2021,359,20.99,17.05,-999.0,21.06,0.11,0.34,10.71
2021,360,20.94,16.74,-999.0,14.71,0.13,0.34,10.43
2021,361,21.17,15.75,-999.0,20.5,0.14,0.34,9.34
2021,362,20.73,15.06,-999.0,24.21,0.14,0.34,7.0
2021,363,20.74,15.48,-999.0,23.64,0.14,0.34,8.92
2021,364,11.68,15.03,-999.0,32.0,0.32,0.35,8.85
2021,365,11.26,15.12,-999.0,48.74,0.34,0.35,11.54
2022,1,15.61,15.15,-999.0,63.86,0.32,0.35,8.55
2022,2,11.39,13.78,-999.0,67.89,0.31,0.35,9.79
2022,3,9.36,13.77,-999.0,73.19,0.35,0.35,7.89
2022,4,12.86,14.54,-999.0,77.36,0.37,0.36,9.9
2022,5,14.79,14.34,-999.0,75.68,0.34,0.35,9.56
2022,6,16.71,14.32,-999.0,70.65,0.33,0.35,8.9
2022,7,20.03,14.44,-999.0,64.03,0.32,0.35,7.45
2022,8,20.5,14.26,-999.0,51.09,0.31,0.35,7.08
2022,9,20.51,13.8,-999.0,44.38,0.34,0.35,6.48
2022,10,20.41,14.46,-999.0,40.15,0.33,0.35,7.38
2022,11,20.22,15.19,-999.0,36.89,0.3,0.35,9.01
2022,12,21.09,14.98,-999.0,38.77,0.29,0.35,7.46
2022,13,21.16,15.56,-999.0,36.92,0.27,0.35,8.93
2022,14,21.63,15.7,-999.0,41.71,0.26,0.35,8.03
2022,15,21.57,15.69,-999.0,50.4,0.25,0.35,7.7
2022,16,21.27,16.68,-999.0,37.45,0.23,0.34,9.64
2022,17,20.21,17.69,-999.0,36.81,0.23,0.34,12.01
2022,18,20.71,17.43,-999.0,29.21,0.22,0.34,11.52
2022,19,20.58,16.23,-999.0,36.51,0.22,0.34,10.63
2022,20,21.32,16.32,-999.0,29.93,0.21,0.34,10.17
2022,21,18.95,13.53,-999.0,46.36,0.21,0.34,6.66
2022,22,18.18,13.27,-999.0,51.37,0.2,0.34,4.51
2022,23,19.54,14.73,-999.0,39.75,0.19,0.34,7.03
2022,24,21.31,14.83,-999.0,35.72,0.19,0.34,7.87
2022,25,22.22,12.92,-999.0,30.69,0.18,0.34,6.85
2022,26,23.04,13.75,-999.0,19.96,0.17,0.34,5.82
2022,27,22.6,15.16,-999.0,21.55,0.17,0.34,6.12
2022,28,22.83,15.22,-999.0,17.17,0.16,0.34,8.02
2022,29,22.58,14.56,-999.0,24.76,0.16,0.34,6.47
2022,30,23.15,15.19,-999.0,22.84,0.15,0.34,8.48
2022,31,23.08,15.39,-999.0,32.49,0.15,0.34,6.25
2022,32,22.69,16.52,-999.0,37.84,0.23,0.34,9.96
2022,33,22.09,13.57,-999.0,39.72,0.24,0.34,6.83
2022,34,21.35,12.5,-999.0,37.46,0.23,0.34,3.93
2022,35,22.78,16.14,-999.0,28.96,0.21,0.34,8.12
2022,36,22.68,16.55,-999.0,50.07,0.2,0.34,7.71
2022,37,21.89,15.33,-999.0,51.56,0.19,0.34,7.67
2022,38,20.88,14.34,-999.0,40.38,0.21,0.34,6.4
2022,39,21.7,13.78,-999.0,37.62,0.21,0.34,6.13
2022,40,22.76,14.36,-999.0,36.23,0.2,0.34,5.95
2022,41,23.31,15.84,-999.0,31.92,0.19,0.34,7.97
2022,42,23.28,16.44,-999.0,28.66,0.18,0.34,9.39
2022,43,23.81,16.8,-999.0,27.78,0.18,0.34,9.89
2022,44,22.84,14.19,-999.0,37.39,0.17,0.34,6.6
2022,45,23.12,15.28,-999.0,38.47,0.17,0.34,8.46
2022,46,24.06,15.26,-999.0,32.78,0.16,0.34,7.19
2022,47,24.3,17.08,-999.0,34.29,0.16,0.34,8.55
2022,48,24.53,17.8,-999.0,25.51,0.15,0.34,10.22
2022,49,24.53,17.84,-999.0,21.59,0.15,0.34,9.77
2022,50,23.63,19.0,-999.0,21.6,0.14,0.34,11.42
2022,51,23.8,18.91,-999.0,30.96,0.14,0.34,12.7
2022,52,23.02,15.16,-999.0,45.21,0.13,0.34,8.86
2022,53,23.17,15.1,-999.0,33.59,0.13,0.34,6.74
2022,54,23.82,16.74,-999.0,34.32,0.13,0.34,9.21
2022,55,24.09,17.56,-999.0,31.5,0.13,0.34,10.02
2022,56,23.58,18.96,-999.0,27.09,0.12,0.34,11.18
2022,57,21.57,19.69,-999.0,27.13,0.12,0.34,12.7
2022,58,22.67,19.51,-999.0,33.15,0.12,0.34,14.27
2022,59,22.87,17.45,-999.0,38.94,0.12,0.34,10.03
2022,60,23.84,16.32,-999.0,43.51,0.12,0.34,9.5
2022,61,25.05,14.96,-999.0,46.09,0.11,0.34,7.88
2022,62,26.35,16.33,-999.0,33.85,0.11,0.34,9.48
2022,63,26.3,17.01,-999.0,19.54,0.11,0.34,9.98
2022,64,26.42,17.3,-999.0,8.77,0.11,0.34,11.01
2022,65,26.96,17.13,-999.0,11.56,0.11,0.34,10.74
2022,66,26.94,18.08,-999.0,11.94,0.11,0.34,8.99
2022,67,27.17,19.23,-999.0,12.1,0.1,0.34,12.52
2022,68,26.73,19.14,-999.0,13.05,0.1,0.34,13.17
2022,69,26.89,19.17,-999.0,18.13,0.1,0.34,11.69
2022,70,26.98,19.82,-999.0,16.57,0.1,0.34,12.51
2022,71,27.47,19.09,-999.0,18.59,0.1,0.34,11.81
2022,72,27.16,18.53,-999.0,13.23,0.1,0.34,11.13
2022,73,26.33,18.15,-999.0,16.45,0.09,0.34,11.33
2022,74,26.21,18.6,-999.0,15.74,0.09,0.34,10.6
2022,75,24.32,19.21,-999.0,27.54,0.09,0.34,11.28
2022,76,18.22,16.26,-999.0,40.62,0.09,0.34,9.3
2022,77,20.55,15.82,-999.0,32.28,0.09,0.34,6.41
2022,78,20.29,17.6,-999.0,31.24,0.09,0.34,9.46
2022,79,19.23,18.74,-999.0,31.29,0.09,0.34,11.76
2022,80,19.5,19.21,-999.0,38.31,0.09,0.34,12.45
2022,81,20.66,20.32,-999.0,40.49,0.09,0.34,13.66
2022,82,22.32,21.23,-999.0,39.6,0.09,0.34,15.96
2022,83,25.65,19.88,-999.0,45.16,0.09,0.34,12.12
2022,84,25.0,19.73,-999.0,32.82,0.09,0.34,13.93
2022,85,26.1,18.09,-999.0,30.36,0.09,0.34,12.02
2022,86,26.49,15.18,-999.0,26.28,0.09,0.34,8.95
2022,87,25.77,13.68,-999.0,25.2,0.09,0.34,6.02
2022,88,25.53,12.92,-999.0,31.07,0.09,0.34,5.28
2022,89,25.89,13.9,-999.0,25.55,0.09,0.34,5.05
2022,90,27.33,15.03,-999.0,22.01,0.09,0.34,6.9
2022,91,27.62,16.93,-999.0,22.05,0.09,0.34,9.86
2022,92,28.17,16.62,-999.0,20.26,0.08,0.34,9.58
2022,93,27.64,16.15,-999.0,16.23,0.08,0.34,9.5
2022,94,28.3,17.18,-999.0,12.33,0.08,0.34,10.78
2022,95,28.57,17.57,-999.0,12.25,0.08,0.33,11.01
2022,96,29.17,17.37,-999.0,10.8,0.08,0.33,10.77
2022,97,29.49,17.66,-999.0,12.0,0.08,0.33,10.63
2022,98,28.73,18.08,-999.0,20.83,0.08,0.33,11.22
2022,99,27.92,18.93,-999.0,25.15,0.08,0.33,11.55
2022,100,27.87,19.18,-999.0,27.45,0.08,0.33,12.1
2022,101,27.92,18.84,-999.0,31.4,0.08,0.33,10.09
2022,102,28.02,19.5,-999.0,24.54,0.08,0.33,9.39
2022,103,27.09,20.98,-999.0,22.07,0.08,0.33,13.72
2022,104,28.19,20.7,-999.0,21.0,0.08,0.33,13.08
2022,105,28.1,20.74,-999.0,17.31,0.08,0.33,13.38
2022,106,26.93,20.84,-999.0,18.87,0.08,0.33,12.48
2022,107,25.62,21.42,-999.0,23.18,0.08,0.33,14.81
2022,108,26.76,20.96,-999.0,31.54,0.08,0.33,15.03
2022,109,27.34,20.05,-999.0,28.49,0.08,0.33,12.54
2022,110,26.83,20.81,-999.0,27.56,0.08,0.33,14.03
2022,111,27.74,21.03,-999.0,22.66,0.07,0.33,15.16
2022,112,27.46,21.03,-999.0,20.95,0.07,0.33,14.45
2022,113,24.26,20.84,-999.0,25.33,0.07,0.33,14.21
2022,114,24.48,21.1,-999.0,25.6,0.07,0.33,14.03
2022,115,20.16,18.6,-999.0,51.52,0.07,0.33,12.43
2022,116,21.84,18.87,-999.0,57.66,0.07,0.33,13.8
2022,117,26.21,19.44,-999.0,51.17,0.07,0.33,14.03
2022,118,25.45,21.12,-999.0,44.35,0.07,0.33,15.15
2022,119,21.66,20.05,-999.0,46.39,0.17,0.34,13.73
2022,120,24.29,19.8,-999.0,46.02,0.28,0.34,13.15
2022,121,25.96,19.51,-999.0,41.16,0.25,0.34,12.96
2022,122,27.04,20.28,-999.0,32.0,0.23,0.34,14.78
2022,123,28.73,20.65,-999.0,26.4,0.21,0.34,15.09
2022,124,27.94,20.76,-999.0,26.98,0.2,0.34,14.54
2022,125,27.45,21.47,-999.0,23.38,0.18,0.34,15.57
2022,126,26.33,21.44,-999.0,21.62,0.17,0.34,15.68
2022,127,27.93,22.01,-999.0,21.25,0.16,0.34,15.05
2022,128,27.63,22.06,-999.0,25.88,0.16,0.34,16.17
2022,129,27.49,20.93,-999.0,27.36,0.15,0.34,14.3
2022,130,27.38,20.7,-999.0,25.0,0.15,0.34,14.59
2022,131,27.16,20.57,-999.0,26.97,0.14,0.34,13.02
2022,132,27.6,20.32,-999.0,21.95,0.14,0.34,14.1
2022,133,27.74,20.07,-999.0,19.56,0.13,0.34,13.23
2022,134,27.93,18.97,-999.0,20.97,0.13,0.34,11.73
2022,135,27.33,19.6,-999.0,15.21,0.13,0.34,12.78
2022,136,28.57,18.77,-999.0,8.8,0.12,0.34,10.96
2022,137,28.45,18.27,-999.0,16.33,0.12,0.34,11.06
2022,138,27.85,18.28,-999.0,19.0,0.12,0.34,10.55
2022,139,26.22,19.72,-999.0,19.85,0.12,0.34,13.06
2022,140,27.22,20.43,-999.0,18.13,0.11,0.34,13.42
2022,141,27.3,20.99,-999.0,15.45,0.11,0.34,15.17
2022,142,26.8,21.4,-999.0,15.35,0.11,0.34,15.34
2022,143,27.03,21.89,-999.0,15.01,0.11,0.34,15.25
2022,144,27.65,22.17,-999.0,12.31,0.11,0.34,15.79
2022,145,25.99,21.6,-999.0,15.35,0.1,0.34,15.52
2022,146,26.87,21.28,-999.0,16.87,0.1,0.34,15.01
2022,147,26.73,21.78,-999.0,20.76,0.1,0.34,14.38
2022,148,26.56,22.31,-999.0,24.21,0.1,0.34,16.26
2022,149,26.22,21.7,-999.0,21.02,0.1,0.34,15.38
2022,150,25.43,21.59,-999.0,18.06,0.1,0.34,15.51
2022,151,27.09,21.64,-999.0,15.68,0.1,0.34,14.94
2022,152,27.32,23.11,-999.0,15.51,0.1,0.34,15.79
2022,153,27.55,22.16,-999.0,19.25,0.09,0.34,16.29
2022,154,27.68,19.84,-999.0,21.66,0.09,0.34,14.19
2022,155,22.09,19.87,-999.0,30.56,0.09,0.34,13.46
2022,156,24.28,20.44,-999.0,28.58,0.09,0.34,13.69
2022,157,28.43,21.18,-999.0,19.81,0.09,0.34,14.83
2022,158,28.06,21.52,-999.0,19.88,0.09,0.34,14.61
2022,159,27.78,21.41,-999.0,26.67,0.09,0.34,14.89
2022,160,27.1,22.43,-999.0,25.51,0.09,0.34,16.68
2022,161,27.63,22.22,-999.0,24.25,0.09,0.34,15.18
2022,162,24.02,22.88,-999.0,20.47,0.09,0.34,16.68
2022,163,27.26,23.42,-999.0,14.91,0.09,0.34,16.89
2022,164,27.72,24.17,-999.0,15.22,0.09,0.34,17.61
2022,165,28.55,23.1,-999.0,16.54,0.09,0.34,16.57
2022,166,27.3,22.64,-999.0,19.48,0.09,0.34,16.74
2022,167,26.44,22.01,-999.0,27.06,0.08,0.34,16.14
2022,168,20.18,23.13,-999.0,35.62,0.08,0.34,17.2
2022,169,26.09,23.02,-999.0,24.02,0.08,0.34,16.85
2022,170,24.45,23.22,-999.0,17.93,0.08,0.34,15.9
2022,171,24.44,23.71,-999.0,25.55,0.08,0.33,15.55
2022,172,22.79,23.66,-999.0,35.49,0.08,0.33,18.07
2022,173,21.77,23.92,-999.0,38.95,0.08,0.33,16.62
2022,174,23.35,24.49,-999.0,34.88,0.08,0.33,18.48
2022,175,23.84,23.54,-999.0,37.93,0.08,0.33,18.23
2022,176,23.35,23.07,-999.0,37.08,0.08,0.33,18.26
2022,177,23.56,23.31,-999.0,32.75,0.08,0.33,15.7
2022,178,22.56,24.43,-999.0,30.77,0.08,0.33,17.01
2022,179,20.61,23.59,-999.0,26.15,0.08,0.33,17.87
2022,180,21.56,22.33,-999.0,43.09,0.08,0.33,17.71
2022,181,25.4,23.28,-999.0,34.35,0.09,0.34,15.16
2022,182,18.91,20.63,-999.0,40.55,0.09,0.34,15.83
2022,183,18.63,21.49,-999.0,39.72,0.09,0.34,14.99
2022,184,23.41,23.0,-999.0,41.01,0.09,0.34,16.06
2022,185,23.66,22.76,-999.0,38.37,0.09,0.34,16.99
2022,186,24.87,20.88,-999.0,38.14,0.09,0.34,15.44
2022,187,21.54,22.97,-999.0,34.22,0.08,0.34,15.12
2022,188,19.95,22.56,-999.0,34.9,0.08,0.34,17.53
2022,189,7.83,20.23,-999.0,51.72,0.09,0.34,16.07
2022,190,10.96,18.64,-999.0,61.25,0.09,0.34,15.34
2022,191,11.37,16.69,-999.0,66.75,0.09,0.34,14.08
2022,192,11.51,17.26,-999.0,63.68,0.11,0.34,13.94
2022,193,11.35,17.2,-999.0,69.53,0.2,0.34,13.09
2022,194,13.63,16.54,-999.0,71.48,0.26,0.34,13.07
2022,195,23.35,20.07,-999.0,63.43,0.3,0.35,15.37
2022,196,24.23,21.69,-999.0,51.42,0.29,0.35,14.21
2022,197,22.82,21.13,-999.0,49.67,0.25,0.34,15.75
2022,198,22.45,22.1,-999.0,42.55,0.23,0.34,16.13
2022,199,24.2,23.14,-999.0,35.66,0.21,0.34,14.91
2022,200,12.26,19.34,-999.0,56.94,0.2,0.34,15.88
2022,201,15.9,19.17,-999.0,61.84,0.21,0.34,14.92
2022,202,19.64,20.67,-999.0,56.95,0.2,0.34,16.63
2022,203,23.72,22.31,-999.0,51.76,0.2,0.34,15.49
2022,204,21.68,22.11,-999.0,56.06,0.2,0.34,16.87
2022,205,24.92,21.01,-999.0,67.23,0.41,0.36,17.46
2022,206,12.62,20.45,-999.0,61.62,0.45,0.38,16.34
2022,207,21.47,19.84,-999.0,62.38,0.36,0.38,16.55
2022,208,21.64,20.25,-999.0,59.76,0.35,0.37,15.79
2022,209,24.18,21.84,-999.0,53.38,0.34,0.37,16.28
2022,210,23.0,21.64,-999.0,55.8,0.36,0.37,17.15
2022,211,23.66,21.73,-999.0,52.19,0.38,0.38,15.31
2022,212,15.03,21.42,-999.0,56.19,0.38,0.38,16.86
2022,213,19.79,20.17,-999.0,60.65,0.36,0.38,15.39
2022,214,23.81,17.11,-999.0,68.7,0.45,0.39,13.92
2022,215,23.01,19.64,-999.0,64.81,0.43,0.41,13.66
2022,216,21.33,20.01,-999.0,64.81,0.4,0.41,15.99
2022,217,21.63,20.36,-999.0,62.53,0.37,0.4,16.92
2022,218,21.34,19.78,-999.0,65.34,0.38,0.4,15.74
2022,219,21.18,19.97,-999.0,67.64,0.45,0.42,14.45
2022,220,24.13,21.43,-999.0,61.85,0.38,0.42,15.4
2022,221,24.0,20.91,-999.0,65.2,0.38,0.41,17.58
2022,222,23.35,21.42,-999.0,61.37,0.38,0.41,16.27
2022,223,21.32,20.84,-999.0,64.1,0.37,0.41,15.81
2022,224,17.25,21.66,-999.0,58.87,0.38,0.41,16.66
2022,225,20.02,21.97,-999.0,57.72,0.36,0.4,16.26
2022,226,18.48,21.24,-999.0,56.53,0.37,0.4,16.32
2022,227,20.18,20.78,-999.0,58.22,0.37,0.4,16.43
2022,228,22.7,21.44,-999.0,51.89,0.36,0.4,14.74
2022,229,19.85,19.83,-999.0,62.02,0.38,0.4,16.5
2022,230,21.79,20.82,-999.0,61.58,0.37,0.4,16.52
2022,231,23.79,21.3,-999.0,57.38,0.41,0.4,15.71
2022,232,24.43,22.05,-999.0,54.56,0.37,0.4,15.24
2022,233,23.25,21.16,-999.0,59.35,0.36,0.4,15.58
2022,234,22.06,20.18,-999.0,62.54,0.36,0.4,13.91
2022,235,22.27,21.97,-999.0,44.19,0.35,0.39,15.01
2022,236,24.46,22.07,-999.0,48.88,0.35,0.39,16.47
2022,237,20.93,20.69,-999.0,48.21,0.35,0.39,16.19
2022,238,20.28,20.86,-999.0,43.76,0.35,0.39,13.89
2022,239,25.19,20.69,-999.0,39.4,0.34,0.38,15.32
2022,240,25.86,20.62,-999.0,39.7,0.34,0.38,13.93
2022,241,23.08,20.8,-999.0,41.12,0.34,0.38,15.11
2022,242,25.49,19.77,-999.0,37.34,0.34,0.38,13.31
2022,243,24.74,20.45,-999.0,37.49,0.33,0.37,15.01
2022,244,26.73,19.86,-999.0,39.32,0.33,0.37,14.06
2022,245,26.05,19.99,-999.0,40.45,0.33,0.37,12.91
2022,246,24.2,20.11,-999.0,43.19,0.33,0.37,13.12
2022,247,25.64,20.91,-999.0,40.09,0.33,0.36,15.45
2022,248,25.95,20.63,-999.0,52.53,0.33,0.36,13.27
2022,249,26.47,20.77,-999.0,44.91,0.32,0.36,13.77
2022,250,26.27,21.68,-999.0,30.32,0.32,0.36,16.21
2022,251,24.7,20.38,-999.0,38.62,0.31,0.35,13.92
2022,252,24.64,19.53,-999.0,38.64,0.31,0.35,13.02
2022,253,24.13,19.71,-999.0,44.46,0.31,0.35,13.44
2022,254,22.31,20.1,-999.0,40.25,0.3,0.35,12.97
2022,255,19.9,21.2,-999.0,39.45,0.29,0.35,15.59
2022,256,24.78,22.58,-999.0,35.68,0.27,0.35,16.93
2022,257,21.32,21.87,-999.0,37.88,0.26,0.35,15.8
2022,258,26.31,20.95,-999.0,25.39,0.25,0.34,14.73
2022,259,25.57,21.31,-999.0,24.88,0.23,0.34,15.08
2022,260,18.31,21.56,-999.0,37.04,0.22,0.34,16.58
2022,261,17.6,21.7,-999.0,42.15,0.21,0.34,16.64
2022,262,21.88,22.15,-999.0,32.99,0.2,0.34,16.15
2022,263,20.22,22.3,-999.0,31.63,0.2,0.34,16.8
2022,264,23.84,21.3,-999.0,32.52,0.2,0.34,14.86
2022,265,22.25,20.89,-999.0,31.37,0.19,0.34,14.62
2022,266,21.02,20.93,-999.0,29.17,0.18,0.34,15.05
2022,267,20.49,19.77,-999.0,30.91,0.17,0.34,13.43
2022,268,19.69,19.13,-999.0,29.49,0.17,0.34,12.8
2022,269,24.42,19.77,-999.0,26.62,0.16,0.34,14.08
2022,270,23.34,19.39,-999.0,25.24,0.16,0.34,13.83
2022,271,23.85,18.82,-999.0,24.92,0.15,0.34,13.25
2022,272,24.58,18.94,-999.0,28.65,0.15,0.34,12.93
2022,273,25.57,18.33,-999.0,23.61,0.15,0.34,12.93
2022,274,25.83,18.88,-999.0,21.6,0.14,0.34,13.31
2022,275,24.57,19.21,-999.0,22.4,0.14,0.34,12.7
2022,276,25.48,18.94,-999.0,22.57,0.14,0.34,13.22
2022,277,25.95,18.26,-999.0,24.27,0.13,0.34,12.81
2022,278,19.38,17.3,-999.0,30.79,0.13,0.34,10.89
2022,279,24.11,17.24,-999.0,36.82,0.13,0.34,10.96
2022,280,23.93,17.47,-999.0,36.35,0.13,0.34,11.52
2022,281,25.32,17.55,-999.0,26.69,0.13,0.34,11.85
2022,282,24.1,16.74,-999.0,25.07,0.12,0.34,11.0
2022,283,22.09,16.94,-999.0,35.38,0.12,0.34,10.97
2022,284,24.08,16.62,-999.0,43.29,0.12,0.34,9.61
2022,285,25.23,16.89,-999.0,34.17,0.12,0.34,10.98
2022,286,25.54,16.2,-999.0,22.67,0.12,0.34,10.7
2022,287,25.76,15.94,-999.0,18.84,0.12,0.34,9.59
2022,288,25.56,16.04,-999.0,24.65,0.12,0.34,10.83
2022,289,24.89,15.97,-999.0,36.68,0.11,0.34,9.94
2022,290,25.09,15.32,-999.0,36.95,0.11,0.34,9.32
2022,291,25.23,14.51,-999.0,32.32,0.11,0.34,7.2
2022,292,24.58,15.7,-999.0,28.08,0.11,0.34,9.58
2022,293,23.63,16.59,-999.0,22.91,0.11,0.34,10.81
2022,294,24.7,16.49,-999.0,23.82,0.11,0.34,11.11
2022,295,24.8,15.81,-999.0,23.14,0.11,0.34,9.85
2022,296,24.51,16.03,-999.0,24.18,0.11,0.34,9.45
2022,297,23.42,17.56,-999.0,39.52,0.11,0.34,11.12
2022,298,24.16,17.46,-999.0,35.25,0.11,0.34,10.55
2022,299,24.62,16.25,-999.0,22.66,0.1,0.34,10.4
2022,300,24.76,15.66,-999.0,23.46,0.1,0.34,8.51
2022,301,24.13,15.76,-999.0,24.69,0.1,0.34,9.16
2022,302,23.9,15.18,-999.0,25.11,0.1,0.34,9.96
2022,303,23.56,14.95,-999.0,28.6,0.1,0.34,9.07
2022,304,23.6,15.32,-999.0,31.72,0.1,0.34,9.08
2022,305,23.95,16.11,-999.0,28.87,0.1,0.34,8.91
2022,306,23.86,17.45,-999.0,25.61,0.1,0.34,10.25
2022,307,23.43,17.72,-999.0,26.03,0.1,0.34,11.0
2022,308,23.55,16.86,-999.0,28.04,0.1,0.34,10.79
2022,309,23.84,15.42,-999.0,28.99,0.1,0.34,9.37
2022,310,23.67,15.62,-999.0,26.85,0.1,0.34,9.13
2022,311,23.45,16.54,-999.0,27.9,0.09,0.34,9.68
2022,312,23.14,16.96,-999.0,27.54,0.09,0.34,9.71
2022,313,22.86,17.28,-999.0,29.89,0.09,0.34,10.89
2022,314,23.19,16.12,-999.0,27.28,0.09,0.34,10.18
2022,315,23.15,14.78,-999.0,35.62,0.09,0.34,8.94
2022,316,22.72,14.47,-999.0,35.65,0.09,0.34,8.55
2022,317,22.58,13.7,-999.0,41.93,0.09,0.34,7.66
2022,318,22.31,13.72,-999.0,39.0,0.09,0.34,7.61
2022,319,22.62,13.83,-999.0,31.94,0.09,0.34,7.75
2022,320,22.46,14.38,-999.0,32.16,0.09,0.34,8.58
2022,321,22.46,15.03,-999.0,29.42,0.09,0.34,8.96
2022,322,22.48,14.6,-999.0,27.29,0.09,0.34,9.04
2022,323,22.09,14.06,-999.0,29.21,0.09,0.34,7.87
2022,324,21.48,13.59,-999.0,42.44,0.09,0.34,7.72
2022,325,17.02,12.29,-999.0,58.62,0.09,0.34,5.23
2022,326,20.03,12.66,-999.0,58.94,0.09,0.34,6.97
2022,327,21.15,12.74,-999.0,49.66,0.09,0.34,5.41
2022,328,20.38,14.7,-999.0,43.18,0.09,0.34,7.82
2022,329,21.23,14.99,-999.0,43.44,0.09,0.34,7.48
2022,330,21.31,13.61,-999.0,46.94,0.09,0.34,8.2
2022,331,21.34,12.52,-999.0,46.78,0.11,0.34,7.01
2022,332,21.56,12.53,-999.0,42.55,0.11,0.34,6.78
2022,333,21.31,12.88,-999.0,37.09,0.1,0.34,5.95
2022,334,21.32,13.73,-999.0,31.05,0.1,0.34,7.76
2022,335,21.69,13.67,-999.0,28.3,0.1,0.34,7.35
2022,336,21.37,13.65,-999.0,36.53,0.1,0.34,7.83
2022,337,21.16,12.86,-999.0,43.35,0.1,0.34,6.71
2022,338,21.1,13.05,-999.0,35.97,0.1,0.34,6.87
2022,339,21.08,13.71,-999.0,29.33,0.1,0.34,6.57
2022,340,21.11,14.86,-999.0,25.81,0.1,0.34,5.43
2022,341,20.98,15.91,-999.0,32.07,0.1,0.34,7.88
2022,342,20.84,15.22,-999.0,31.93,0.1,0.34,9.0
2022,343,20.37,13.79,-999.0,35.69,0.19,0.34,7.53
2022,344,19.0,13.67,-999.0,44.29,0.3,0.35,7.04
2022,345,18.64,12.43,-999.0,47.36,0.3,0.35,5.94
2022,346,19.54,13.08,-999.0,48.48,0.28,0.35,6.51
2022,347,20.23,13.23,-999.0,50.58,0.27,0.34,6.47
2022,348,19.93,13.06,-999.0,47.06,0.25,0.34,5.96
2022,349,20.07,12.64,-999.0,41.55,0.24,0.34,6.16
2022,350,20.35,11.95,-999.0,41.42,0.23,0.34,6.13
2022,351,20.93,10.23,-999.0,41.05,0.22,0.34,3.99
2022,352,19.97,8.88,-999.0,54.13,0.21,0.34,2.1
2022,353,20.02,9.86,-999.0,57.77,0.21,0.34,2.73
2022,354,20.44,11.61,-999.0,42.47,0.2,0.34,4.07
2022,355,20.24,13.54,-999.0,38.38,0.19,0.34,5.38
2022,356,20.57,14.51,-999.0,40.57,0.19,0.34,6.9
2022,357,19.9,15.02,-999.0,47.28,0.18,0.34,7.4
2022,358,18.01,15.99,-999.0,61.41,0.18,0.34,8.2
2022,359,17.72,16.51,-999.0,58.46,0.18,0.34,10.1
2022,360,15.2,15.39,-999.0,70.54,0.2,0.34,9.73
2022,361,12.41,13.55,-999.0,81.91,0.26,0.34,9.75
2022,362,9.56,13.35,-999.0,79.93,0.29,0.35,10.01
2022,363,12.04,11.42,-999.0,72.23,0.29,0.35,6.82
2022,364,17.89,11.86,-999.0,54.78,0.27,0.34,3.4
2022,365,20.16,13.23,-999.0,46.38,0.26,0.34,4.92
2023,1,12.44,13.29,-999.0,65.38,0.25,0.34,7.59
2023,2,19.86,12.44,-999.0,55.7,0.24,0.34,5.6
2023,3,21.17,11.49,-999.0,47.27,0.23,0.34,4.01
2023,4,21.47,13.57,-999.0,35.89,0.22,0.34,4.35
2023,5,21.52,15.02,-999.0,28.74,0.21,0.34,5.95
2023,6,21.08,15.12,-999.0,36.65,0.2,0.34,7.51
2023,7,20.8,15.2,-999.0,35.47,0.19,0.34,9.89
2023,8,19.89,14.2,-999.0,43.99,0.18,0.34,7.36
2023,9,20.55,14.96,-999.0,42.8,0.18,0.34,7.82
2023,10,19.91,16.01,-999.0,42.58,0.17,0.34,8.25
2023,11,19.55,15.18,-999.0,52.91,0.17,0.34,9.13
2023,12,19.01,13.43,-999.0,55.37,0.17,0.34,5.03
2023,13,17.19,14.18,-999.0,48.24,0.16,0.34,7.65
2023,14,20.42,15.06,-999.0,46.2,0.16,0.34,7.79
2023,15,21.12,15.6,-999.0,36.82,0.16,0.34,9.35
2023,16,21.21,14.88,-999.0,35.35,0.15,0.34,8.97
2023,17,21.9,15.56,-999.0,30.42,0.15,0.34,9.53
2023,18,20.2,13.39,-999.0,43.69,0.15,0.34,6.25
2023,19,20.67,11.05,-999.0,54.22,0.15,0.34,3.31
2023,20,21.76,12.49,-999.0,41.54,0.14,0.34,5.04
2023,21,21.69,13.2,-999.0,30.89,0.14,0.34,5.47
2023,22,22.04,14.42,-999.0,29.06,0.14,0.34,6.42
2023,23,22.25,15.57,-999.0,27.74,0.14,0.34,7.51
2023,24,22.43,16.42,-999.0,29.15,0.13,0.34,8.95
2023,25,22.71,15.49,-999.0,34.55,0.13,0.34,7.9
2023,26,22.83,14.75,-999.0,25.05,0.13,0.34,6.96
2023,27,20.3,14.02,-999.0,43.94,0.13,0.34,6.7
2023,28,18.09,12.63,-999.0,60.16,0.14,0.34,6.36
2023,29,22.42,13.6,-999.0,52.75,0.14,0.34,5.5
2023,30,22.85,15.51,-999.0,43.36,0.14,0.34,6.5
2023,31,23.3,17.41,-999.0,28.56,0.13,0.34,9.64
2023,32,23.6,17.69,-999.0,24.92,0.13,0.34,9.42
2023,33,22.92,17.55,-999.0,27.44,0.13,0.34,9.89
2023,34,22.49,15.86,-999.0,37.93,0.12,0.34,9.52
2023,35,23.53,16.04,-999.0,31.33,0.12,0.34,7.19
2023,36,23.93,16.52,-999.0,25.3,0.12,0.34,9.2
2023,37,23.84,17.32,-999.0,21.25,0.12,0.34,10.56
2023,38,23.81,17.28,-999.0,17.0,0.12,0.34,9.54
2023,39,23.97,17.53,-999.0,18.1,0.11,0.34,9.97
2023,40,23.92,16.17,-999.0,26.7,0.11,0.34,8.66
2023,41,22.2,14.02,-999.0,37.24,0.11,0.34,4.67
2023,42,23.63,15.51,-999.0,26.69,0.11,0.34,6.99
2023,43,25.56,16.07,-999.0,13.11,0.11,0.34,6.98
2023,44,26.31,15.76,-999.0,7.89,0.11,0.34,6.41
2023,45,25.78,16.2,-999.0,11.76,0.1,0.34,5.46
2023,46,24.78,17.0,-999.0,22.37,0.1,0.34,7.97
2023,47,24.76,16.91,-999.0,26.71,0.1,0.34,8.53
2023,48,24.4,16.26,-999.0,18.8,0.1,0.34,9.32
2023,49,22.93,12.05,-999.0,37.51,0.1,0.34,3.77
2023,50,23.86,11.45,-999.0,37.91,0.1,0.34,2.94
2023,51,25.13,11.9,-999.0,28.71,0.1,0.34,3.24
2023,52,25.09,14.62,-999.0,17.06,0.1,0.34,5.32
2023,53,25.38,16.73,-999.0,19.47,0.09,0.34,6.83
2023,54,25.34,17.84,-999.0,21.28,0.09,0.34,10.19
2023,55,24.15,17.67,-999.0,29.81,0.09,0.34,9.22
2023,56,24.37,19.04,-999.0,27.81,0.09,0.34,12.39
2023,57,22.36,18.72,-999.0,33.39,0.09,0.34,12.31
2023,58,22.93,18.86,-999.0,29.7,0.09,0.34,12.55
2023,59,24.43,19.1,-999.0,25.2,0.09,0.34,13.22
2023,60,20.28,17.46,-999.0,42.09,0.09,0.34,10.57
2023,61,21.87,17.25,-999.0,41.84,0.09,0.34,11.94
2023,62,21.28,16.79,-999.0,42.67,0.09,0.34,10.49
2023,63,21.0,17.08,-999.0,37.28,0.09,0.34,10.77
2023,64,24.77,15.78,-999.0,39.84,0.09,0.34,8.86
2023,65,25.55,15.74,-999.0,33.72,0.09,0.34,8.9
2023,66,26.25,16.57,-999.0,28.23,0.09,0.34,10.37
2023,67,24.63,17.5,-999.0,26.1,0.09,0.34,8.22
2023,68,22.12,18.74,-999.0,33.07,0.09,0.34,11.26
2023,69,19.27,17.75,-999.0,51.12,0.09,0.34,10.81
2023,70,16.46,17.12,-999.0,61.08,0.1,0.34,12.59
2023,71,18.47,17.42,-999.0,60.68,0.13,0.34,11.19
2023,72,10.34,15.97,-999.0,69.07,0.19,0.34,13.03
2023,73,17.13,16.24,-999.0,69.52,0.42,0.36,11.64
2023,74,18.09,16.66,-999.0,65.43,0.36,0.36,11.39
2023,75,17.11,17.43,-999.0,59.32,0.34,0.36,11.41
2023,76,16.99,17.88,-999.0,58.2,0.33,0.35,11.13
2023,77,23.26,17.99,-999.0,63.92,0.35,0.35,13.96
2023,78,19.4,17.67,-999.0,62.22,0.36,0.36,13.38
2023,79,25.61,16.88,-999.0,49.38,0.33,0.36,9.53
2023,80,28.21,14.86,-999.0,34.14,0.31,0.35,6.8
2023,81,28.22,16.04,-999.0,28.25,0.3,0.35,6.35
2023,82,26.15,18.1,-999.0,44.4,0.29,0.35,11.22
2023,83,24.48,18.17,-999.0,49.72,0.29,0.35,11.24
2023,84,23.4,19.25,-999.0,51.5,0.28,0.35,12.86
2023,85,21.93,19.13,-999.0,54.92,0.27,0.35,11.49
2023,86,18.71,18.47,-999.0,64.5,0.26,0.34,12.95
2023,87,23.02,18.02,-999.0,67.65,0.26,0.34,13.23
2023,88,21.64,18.48,-999.0,59.4,0.25,0.34,12.35
2023,89,24.24,16.91,-999.0,71.21,0.24,0.34,13.89
2023,90,24.06,20.29,-999.0,51.89,0.23,0.34,11.83
2023,91,19.3,19.32,-999.0,52.61,0.22,0.34,15.15
2023,92,22.17,19.59,-999.0,48.96,0.21,0.34,13.33
2023,93,24.02,18.71,-999.0,44.7,0.2,0.34,10.5
2023,94,22.86,17.55,-999.0,56.62,0.19,0.34,11.19
2023,95,22.95,19.64,-999.0,48.71,0.18,0.34,13.21
2023,96,21.76,19.15,-999.0,52.34,0.17,0.34,13.11
2023,97,23.58,19.76,-999.0,46.47,0.17,0.34,13.92
2023,98,25.02,18.84,-999.0,56.34,0.17,0.34,13.93
2023,99,26.07,17.54,-999.0,56.74,0.16,0.34,12.62
2023,100,27.03,19.64,-999.0,38.53,0.16,0.34,12.16
2023,101,25.31,20.14,-999.0,45.15,0.18,0.34,12.65
2023,102,26.48,20.71,-999.0,37.95,0.18,0.34,12.84
2023,103,21.98,19.54,-999.0,44.23,0.18,0.34,13.44
2023,104,25.52,19.34,-999.0,49.28,0.29,0.35,14.32
2023,105,21.59,19.2,-999.0,52.81,0.3,0.35,13.47
2023,106,25.23,19.32,-999.0,48.71,0.27,0.34,13.41
2023,107,26.01,20.21,-999.0,43.43,0.38,0.36,14.33
2023,108,25.33,19.85,-999.0,44.75,0.33,0.35,14.42
2023,109,23.99,19.98,-999.0,40.61,0.31,0.35,14.61
2023,110,23.35,19.64,-999.0,45.57,0.29,0.35,13.89
2023,111,20.37,19.56,-999.0,48.2,0.28,0.35,13.2
2023,112,21.21,18.52,-999.0,48.22,0.33,0.35,13.61
2023,113,26.65,20.03,-999.0,42.75,0.32,0.35,12.61
2023,114,24.75,19.91,-999.0,49.53,0.28,0.35,13.33
2023,115,23.48,20.09,-999.0,47.69,0.29,0.35,14.76
2023,116,22.34,19.35,-999.0,52.43,0.28,0.35,14.49
2023,117,20.5,18.89,-999.0,54.03,0.33,0.35,15.23
2023,118,22.45,19.55,-999.0,46.58,0.31,0.35,13.81
2023,119,22.56,19.23,-999.0,59.99,0.3,0.35,13.43
2023,120,11.87,19.19,-999.0,57.41,0.31,0.35,15.48
2023,121,19.75,18.55,-999.0,60.36,0.3,0.35,15.28
2023,122,23.8,18.44,-999.0,68.86,0.31,0.35,13.95
2023,123,21.81,18.35,-999.0,71.23,0.3,0.35,15.62
2023,124,24.73,19.6,-999.0,61.63,0.29,0.35,14.56
2023,125,18.89,20.37,-999.0,55.78,0.27,0.34,15.73
2023,126,26.17,20.14,-999.0,44.68,0.26,0.34,15.85
2023,127,25.67,20.77,-999.0,31.61,0.24,0.34,13.14
2023,128,26.47,20.73,-999.0,25.43,0.22,0.34,14.42
2023,129,27.75,21.21,-999.0,23.33,0.2,0.34,13.88
2023,130,28.0,21.77,-999.0,25.63,0.19,0.34,13.95
2023,131,28.8,21.08,-999.0,28.17,0.18,0.34,13.65
2023,132,29.16,19.7,-999.0,25.77,0.17,0.34,12.95
2023,133,28.66,20.3,-999.0,31.23,0.16,0.34,13.02
2023,134,27.76,21.7,-999.0,25.9,0.16,0.34,15.17
2023,135,27.31,22.88,-999.0,27.03,0.15,0.34,16.32
2023,136,22.49,23.35,-999.0,33.23,0.15,0.34,18.28
2023,137,22.42,22.41,-999.0,45.08,0.14,0.34,17.41
2023,138,26.55,21.77,-999.0,42.7,0.14,0.34,16.43
2023,139,20.97,21.69,-999.0,38.91,0.14,0.34,16.1
2023,140,21.58,20.61,-999.0,49.67,0.14,0.34,14.93
2023,141,17.04,21.08,-999.0,46.78,0.14,0.34,15.41
2023,142,26.86,21.1,-999.0,39.98,0.15,0.34,15.63
2023,143,16.74,19.93,-999.0,46.42,0.16,0.34,17.08
2023,144,20.16,18.97,-999.0,58.4,0.27,0.34,15.39
2023,145,22.09,18.86,-999.0,60.82,0.27,0.34,14.64
2023,146,20.0,20.55,-999.0,54.58,0.26,0.34,14.38
2023,147,20.71,20.15,-999.0,57.14,0.3,0.35,15.39
2023,148,23.42,20.73,-999.0,55.72,0.37,0.35,16.92
2023,149,18.58,19.94,-999.0,56.15,0.35,0.35,15.9
2023,150,22.94,17.79,-999.0,68.78,0.43,0.36,14.65
2023,151,21.59,18.47,-999.0,62.4,0.37,0.37,14.65
2023,152,22.56,20.51,-999.0,45.65,0.34,0.37,14.1
2023,153,23.8,19.88,-999.0,41.66,0.33,0.37,14.71
2023,154,24.0,20.34,-999.0,41.03,0.33,0.36,14.63
2023,155,22.73,20.44,-999.0,37.98,0.32,0.36,14.16
2023,156,27.2,21.46,-999.0,30.72,0.32,0.36,15.85
2023,157,27.79,21.42,-999.0,27.95,0.31,0.36,15.13
2023,158,28.11,21.82,-999.0,27.9,0.3,0.35,16.12
2023,159,26.51,21.98,-999.0,32.02,0.29,0.35,15.87
2023,160,25.26,22.17,-999.0,35.3,0.29,0.35,17.36
2023,161,26.06,23.09,-999.0,29.69,0.28,0.35,17.54
2023,162,26.04,23.0,-999.0,29.4,0.27,0.35,17.53
2023,163,23.65,21.24,-999.0,52.64,0.42,0.36,16.48
2023,164,24.69,21.96,-999.0,42.75,0.36,0.37,15.64
2023,165,21.33,23.02,-999.0,37.19,0.33,0.37,17.54
2023,166,21.77,22.45,-999.0,42.04,0.33,0.36,17.92
2023,167,22.66,23.11,-999.0,41.05,0.32,0.36,18.05
2023,168,22.99,22.86,-999.0,40.05,0.31,0.36,17.94
2023,169,25.72,22.92,-999.0,37.62,0.3,0.36,16.31
2023,170,27.81,22.41,-999.0,32.91,0.29,0.35,16.79
2023,171,26.97,22.54,-999.0,24.71,0.28,0.35,16.81
2023,172,26.46,22.96,-999.0,26.86,0.26,0.35,17.01
2023,173,28.53,21.63,-999.0,23.1,0.25,0.35,15.67
2023,174,28.57,21.83,-999.0,22.25,0.24,0.35,16.06
2023,175,19.8,22.82,-999.0,30.26,0.22,0.35,16.63
2023,176,27.2,23.62,-999.0,30.45,0.22,0.35,16.46
2023,177,24.71,25.01,-999.0,23.55,0.21,0.34,18.16
2023,178,26.15,24.94,-999.0,29.7,0.2,0.34,19.43
2023,179,27.49,23.8,-999.0,20.99,0.19,0.34,18.15
2023,180,26.38,23.73,-999.0,19.09,0.18,0.34,18.86
2023,181,26.55,24.39,-999.0,24.27,0.17,0.34,17.48
2023,182,26.31,23.62,-999.0,28.96,0.17,0.34,16.22
2023,183,23.32,24.23,-999.0,30.18,0.16,0.34,17.91
2023,184,23.09,24.46,-999.0,34.66,0.16,0.34,18.87
2023,185,22.49,24.16,-999.0,36.22,0.16,0.34,18.11
2023,186,23.77,24.21,-999.0,35.11,0.15,0.34,16.46
2023,187,23.45,24.22,-999.0,26.43,0.15,0.34,19.01
2023,188,25.77,25.07,-999.0,21.05,0.14,0.34,19.69
2023,189,24.75,24.49,-999.0,33.22,0.14,0.34,16.66
2023,190,25.13,25.11,-999.0,31.42,0.13,0.34,16.86
2023,191,23.06,25.02,-999.0,29.55,0.13,0.34,19.0
2023,192,24.29,24.78,-999.0,29.63,0.12,0.34,17.26
2023,193,23.64,23.9,-999.0,37.1,0.12,0.34,16.89
2023,194,22.48,24.29,-999.0,32.23,0.12,0.34,17.91
2023,195,23.78,24.46,-999.0,21.32,0.12,0.34,19.01
2023,196,22.36,24.83,-999.0,26.42,0.11,0.34,18.81
2023,197,26.47,24.02,-999.0,38.42,0.11,0.34,16.24
2023,198,24.57,24.68,-999.0,31.41,0.11,0.34,16.38
2023,199,23.4,25.56,-999.0,28.72,0.11,0.34,18.94
2023,200,23.72,25.18,-999.0,32.68,0.11,0.34,18.16
2023,201,20.49,25.07,-999.0,30.79,0.1,0.34,17.82
2023,202,20.68,25.01,-999.0,33.46,0.1,0.34,19.47
2023,203,21.39,24.9,-999.0,33.63,0.1,0.34,17.84
2023,204,23.17,23.82,-999.0,37.82,0.1,0.34,17.71
2023,205,21.62,24.36,-999.0,37.17,0.1,0.34,18.18
2023,206,23.79,23.35,-999.0,42.25,0.1,0.34,19.21
2023,207,25.17,24.76,-999.0,29.57,0.1,0.34,18.49
2023,208,25.02,24.86,-999.0,28.47,0.1,0.34,17.04
2023,209,21.5,22.39,-999.0,40.79,0.1,0.34,16.06
2023,210,25.33,24.57,-999.0,34.83,0.11,0.34,17.57
2023,211,21.19,25.01,-999.0,37.16,0.11,0.34,18.62
2023,212,21.64,24.76,-999.0,39.03,0.11,0.34,17.58
2023,213,18.53,24.98,-999.0,40.34,0.1,0.34,18.62
2023,214,17.84,23.87,-999.0,43.03,0.1,0.34,16.85
2023,215,22.31,23.55,-999.0,44.36,0.1,0.34,16.88
2023,216,20.85,23.93,-999.0,40.32,0.1,0.34,17.64
2023,217,20.12,23.73,-999.0,41.68,0.1,0.34,18.67
2023,218,21.1,23.61,-999.0,42.64,0.1,0.34,17.09
2023,219,22.89,23.93,-999.0,42.58,0.1,0.34,16.75
2023,220,18.61,24.27,-999.0,35.36,0.1,0.34,17.56
2023,221,21.54,24.56,-999.0,24.79,0.1,0.34,18.99
2023,222,26.8,23.9,-999.0,24.78,0.1,0.34,17.69
2023,223,27.39,23.93,-999.0,24.66,0.1,0.34,17.61
2023,224,21.45,23.96,-999.0,30.65,0.09,0.34,17.53
2023,225,21.97,23.55,-999.0,40.36,0.1,0.34,17.24
2023,226,22.78,23.57,-999.0,40.97,0.1,0.34,17.84
2023,227,21.85,23.46,-999.0,46.29,0.1,0.34,17.84
2023,228,21.8,23.58,-999.0,46.37,0.1,0.34,18.11
2023,229,21.58,22.29,-999.0,51.73,0.1,0.34,17.34
2023,230,22.12,23.75,-999.0,44.66,0.11,0.34,17.39
2023,231,23.82,24.49,-999.0,37.95,0.12,0.34,18.17
2023,232,25.46,23.58,-999.0,35.64,0.11,0.34,16.89
2023,233,26.22,23.02,-999.0,29.7,0.11,0.34,16.7
2023,234,22.5,22.92,-999.0,29.24,0.12,0.34,16.63
2023,235,27.32,22.82,-999.0,40.34,0.14,0.34,15.47
2023,236,20.52,23.49,-999.0,29.42,0.15,0.34,16.25
2023,237,25.88,24.01,-999.0,25.4,0.14,0.34,17.81
2023,238,24.42,24.28,-999.0,22.89,0.14,0.34,17.96
2023,239,27.02,24.01,-999.0,25.75,0.13,0.34,17.93
2023,240,22.13,23.9,-999.0,25.28,0.13,0.34,18.31
2023,241,22.17,23.58,-999.0,35.86,0.12,0.34,15.49
2023,242,20.52,24.09,-999.0,28.94,0.12,0.34,16.78
2023,243,21.02,23.81,-999.0,37.15,0.18,0.34,17.66
2023,244,18.85,23.37,-999.0,32.58,0.2,0.34,16.89
2023,245,20.02,23.08,-999.0,27.86,0.18,0.34,16.85
2023,246,23.41,23.05,-999.0,28.2,0.17,0.34,16.83
2023,247,25.73,23.45,-999.0,25.59,0.16,0.34,18.16
2023,248,26.09,22.72,-999.0,22.53,0.16,0.34,17.11
2023,249,19.17,23.3,-999.0,32.45,0.15,0.34,17.28
2023,250,20.84,22.49,-999.0,29.8,0.15,0.34,16.77
2023,251,21.94,21.31,-999.0,23.66,0.14,0.34,15.36
2023,252,23.25,21.24,-999.0,26.05,0.14,0.34,14.81
2023,253,23.84,21.91,-999.0,29.52,0.14,0.34,15.16
2023,254,21.37,23.04,-999.0,29.18,0.13,0.34,17.36
2023,255,19.03,22.43,-999.0,40.28,0.13,0.34,14.98
2023,256,23.7,21.88,-999.0,35.33,0.13,0.34,14.34
2023,257,25.35,22.56,-999.0,32.89,0.12,0.34,16.44
2023,258,18.21,21.27,-999.0,39.51,0.12,0.34,16.63
2023,259,19.66,22.92,-999.0,29.55,0.12,0.34,16.23
2023,260,22.92,22.72,-999.0,26.38,0.12,0.34,16.26
2023,261,23.6,22.15,-999.0,22.48,0.12,0.34,16.02
2023,262,19.77,22.49,-999.0,23.7,0.12,0.34,16.51
2023,263,25.74,21.87,-999.0,24.13,0.12,0.34,15.94
2023,264,25.15,21.53,-999.0,23.23,0.12,0.34,16.17
2023,265,19.23,21.55,-999.0,35.31,0.11,0.34,16.26
2023,266,18.69,21.9,-999.0,32.82,0.11,0.34,14.71
2023,267,21.29,22.43,-999.0,26.61,0.12,0.34,16.24
2023,268,23.1,21.56,-999.0,30.53,0.12,0.34,14.95
2023,269,22.31,21.39,-999.0,31.92,0.12,0.34,15.27
2023,270,25.42,21.59,-999.0,28.0,0.11,0.34,14.82
2023,271,22.45,20.27,-999.0,35.1,0.11,0.34,13.73
2023,272,25.99,18.37,-999.0,27.99,0.11,0.34,11.76
2023,273,25.61,18.47,-999.0,25.95,0.11,0.34,12.23
2023,274,26.27,18.51,-999.0,24.26,0.11,0.34,12.33
2023,275,26.82,18.71,-999.0,21.71,0.11,0.34,12.06
2023,276,26.93,18.94,-999.0,21.5,0.11,0.34,13.02
2023,277,26.44,19.17,-999.0,22.68,0.11,0.34,12.55
2023,278,26.14,18.99,-999.0,25.92,0.1,0.34,12.67
2023,279,26.12,18.77,-999.0,22.43,0.1,0.34,12.65
2023,280,22.25,18.42,-999.0,31.29,0.1,0.34,11.3
2023,281,25.05,18.64,-999.0,28.3,0.1,0.34,12.01
2023,282,24.97,18.72,-999.0,31.97,0.1,0.34,13.05
2023,283,25.17,16.88,-999.0,30.67,0.1,0.34,10.78
2023,284,25.7,17.36,-999.0,30.53,0.1,0.34,10.8
2023,285,25.27,17.29,-999.0,35.44,0.1,0.34,11.14
2023,286,25.15,17.01,-999.0,39.37,0.1,0.34,10.36
2023,287,24.92,17.28,-999.0,36.23,0.26,0.34,11.5
2023,288,25.02,17.86,-999.0,33.21,0.28,0.35,12.14
2023,289,24.29,17.75,-999.0,31.1,0.25,0.34,12.18
2023,290,24.68,17.77,-999.0,29.39,0.23,0.34,12.22
2023,291,24.67,17.68,-999.0,34.68,0.22,0.34,11.63
2023,292,24.09,18.24,-999.0,33.91,0.21,0.34,12.35
2023,293,24.74,17.72,-999.0,34.86,0.2,0.34,11.92
2023,294,23.56,16.32,-999.0,39.94,0.19,0.34,10.68
2023,295,22.85,15.67,-999.0,44.25,0.19,0.34,9.97
2023,296,23.21,15.23,-999.0,49.26,0.27,0.34,9.55
2023,297,23.21,15.92,-999.0,54.82,0.29,0.35,8.47
2023,298,16.02,17.31,-999.0,58.3,0.27,0.34,10.21
2023,299,14.61,16.78,-999.0,73.39,0.27,0.34,12.83
2023,300,10.32,15.63,-999.0,80.17,0.4,0.35,13.29
2023,301,11.74,15.01,-999.0,73.14,0.38,0.36,11.67
2023,302,16.75,15.24,-999.0,73.06,0.37,0.36,11.16
2023,303,14.23,16.83,-999.0,64.52,0.35,0.36,11.0
2023,304,21.69,16.94,-999.0,56.81,0.34,0.36,11.84
2023,305,21.95,16.78,-999.0,53.34,0.33,0.36,9.98
2023,306,22.56,16.56,-999.0,52.36,0.33,0.35,10.63
2023,307,20.88,16.1,-999.0,45.33,0.32,0.35,9.12
2023,308,21.46,14.89,-999.0,50.91,0.32,0.35,9.16
2023,309,21.14,15.44,-999.0,52.42,0.31,0.35,10.18
2023,310,19.5,16.33,-999.0,53.09,0.32,0.35,10.48
2023,311,16.7,15.93,-999.0,57.79,0.34,0.35,10.46
2023,312,19.71,15.5,-999.0,57.6,0.32,0.35,9.76
2023,313,20.92,14.8,-999.0,50.07,0.3,0.35,8.71
2023,314,21.32,12.95,-999.0,44.68,0.3,0.35,7.98
2023,315,21.58,14.27,-999.0,43.86,0.29,0.35,7.73
2023,316,21.1,15.11,-999.0,52.9,0.28,0.35,8.44
2023,317,21.79,15.04,-999.0,55.9,0.27,0.35,8.47
2023,318,21.95,15.97,-999.0,48.56,0.26,0.34,9.51
2023,319,21.73,17.52,-999.0,42.79,0.24,0.34,9.64
2023,320,19.15,18.77,-999.0,41.48,0.23,0.34,11.0
2023,321,19.07,18.38,-999.0,49.93,0.22,0.34,13.23
2023,322,15.23,17.05,-999.0,66.85,0.22,0.34,10.76
2023,323,18.51,17.83,-999.0,63.38,0.22,0.34,12.14
2023,324,18.98,19.25,-999.0,58.42,0.21,0.34,13.61
2023,325,18.67,19.56,-999.0,52.48,0.21,0.34,14.31
2023,326,20.75,16.72,-999.0,52.52,0.2,0.34,10.65
2023,327,20.95,14.11,-999.0,54.53,0.2,0.34,7.3
2023,328,21.6,15.81,-999.0,42.94,0.19,0.34,9.2
2023,329,21.89,15.29,-999.0,39.08,0.18,0.34,9.51
2023,330,21.28,14.32,-999.0,45.65,0.18,0.34,7.06
2023,331,21.37,13.74,-999.0,47.46,0.17,0.34,7.66
2023,332,21.88,13.04,-999.0,35.13,0.17,0.34,7.06
2023,333,21.48,12.52,-999.0,36.18,0.17,0.34,6.02
2023,334,20.98,12.33,-999.0,48.19,0.17,0.34,5.92
2023,335,21.35,11.34,-999.0,54.01,0.16,0.34,4.82
2023,336,21.3,10.55,-999.0,48.23,0.16,0.34,3.38
2023,337,21.39,10.71,-999.0,42.95,0.16,0.34,3.05
2023,338,20.77,11.14,-999.0,49.83,0.16,0.34,3.27
2023,339,21.42,11.69,-999.0,45.3,0.15,0.34,3.87
2023,340,21.32,13.09,-999.0,36.8,0.15,0.34,5.91
2023,341,20.88,12.33,-999.0,36.81,0.15,0.34,5.71
2023,342,21.26,11.63,-999.0,34.73,0.15,0.34,4.87
2023,343,21.57,12.5,-999.0,26.44,0.14,0.34,6.08
2023,344,20.46,11.21,-999.0,27.18,0.14,0.34,4.59
2023,345,21.77,13.06,-999.0,24.22,0.14,0.34,4.84
2023,346,21.1,15.58,-999.0,28.04,0.14,0.34,6.76
2023,347,20.03,15.74,-999.0,56.59,0.13,0.34,7.22
2023,348,20.15,13.04,-999.0,57.1,0.13,0.34,6.81
2023,349,19.97,11.18,-999.0,48.64,0.13,0.34,3.82
2023,350,21.48,10.39,-999.0,42.6,0.13,0.34,3.31
2023,351,22.62,9.11,-999.0,26.44,0.13,0.34,2.66
2023,352,22.09,10.28,-999.0,19.19,0.13,0.34,2.17
2023,353,21.14,13.31,-999.0,28.02,0.13,0.34,4.35
2023,354,20.95,14.96,-999.0,30.18,0.12,0.34,6.71
2023,355,20.61,15.37,-999.0,32.1,0.12,0.34,8.25
2023,356,20.41,16.5,-999.0,33.53,0.12,0.34,8.25
2023,357,20.35,17.11,-999.0,32.77,0.12,0.34,9.52
2023,358,20.1,16.75,-999.0,36.58,0.12,0.34,9.48
2023,359,20.29,16.02,-999.0,37.47,0.12,0.34,10.06
2023,360,20.9,14.33,-999.0,38.44,0.12,0.34,7.69
2023,361,21.1,13.41,-999.0,38.37,0.11,0.34,6.91
2023,362,20.67,14.64,-999.0,34.14,0.11,0.34,6.14
2023,363,20.25,15.7,-999.0,35.13,0.11,0.34,8.0
2023,364,19.94,16.01,-999.0,42.36,0.11,0.34,8.91
2023,365,19.8,15.72,-999.0,42.39,0.11,0.34,10.2
2024,1,20.24,15.0,-999.0,40.11,0.11,0.34,8.91
2024,2,18.92,14.9,-999.0,40.83,0.11,0.34,8.47
2024,3,19.72,15.01,-999.0,40.38,0.13,0.34,8.39
2024,4,19.96,14.8,-999.0,41.64,0.18,0.34,8.9
2024,5,20.68,14.41,-999.0,42.64,0.19,0.34,7.61
2024,6,20.18,14.02,-999.0,37.08,0.18,0.34,7.53
2024,7,20.52,12.14,-999.0,45.01,0.18,0.34,5.1
2024,8,20.51,9.66,-999.0,59.88,0.17,0.34,2.82
2024,9,22.08,9.31,-999.0,38.71,0.17,0.34,0.8
2024,10,22.04,11.34,-999.0,21.35,0.16,0.34,2.49
2024,11,21.95,14.34,-999.0,13.06,0.16,0.34,7.2
2024,12,21.9,14.91,-999.0,20.02,0.15,0.34,6.86
2024,13,21.43,15.23,-999.0,23.64,0.15,0.34,7.82
2024,14,21.71,15.91,-999.0,28.52,0.15,0.34,7.39
2024,15,21.51,16.93,-999.0,27.4,0.14,0.34,9.57
2024,16,21.38,16.97,-999.0,33.58,0.14,0.34,9.96
2024,17,21.04,17.55,-999.0,39.28,0.14,0.34,10.89
2024,18,18.87,17.69,-999.0,44.94,0.13,0.34,10.44
2024,19,14.74,15.94,-999.0,62.4,0.13,0.34,11.04
2024,20,16.51,14.21,-999.0,51.25,0.13,0.34,7.14
2024,21,19.4,13.57,-999.0,52.84,0.13,0.34,6.88
2024,22,21.02,14.43,-999.0,48.35,0.13,0.34,6.35
2024,23,21.96,15.81,-999.0,39.11,0.13,0.34,8.64
2024,24,22.08,17.07,-999.0,30.04,0.13,0.34,10.04
2024,25,22.02,18.09,-999.0,27.42,0.12,0.34,10.8
2024,26,21.94,17.64,-999.0,48.65,0.12,0.34,9.74
2024,27,20.05,18.27,-999.0,50.65,0.12,0.34,10.26
2024,28,19.06,17.7,-999.0,62.41,0.12,0.34,11.78
2024,29,20.21,17.41,-999.0,57.13,0.12,0.34,12.42
2024,30,21.01,19.14,-999.0,48.94,0.12,0.34,12.17
2024,31,21.17,19.37,-999.0,46.15,0.12,0.34,13.01
2024,32,21.11,19.31,-999.0,47.04,0.12,0.34,12.68
2024,33,20.97,18.88,-999.0,53.73,0.11,0.34,11.78
2024,34,19.89,17.97,-999.0,47.21,0.11,0.34,10.32
2024,35,21.87,17.69,-999.0,39.26,0.11,0.34,9.49
2024,36,21.44,18.9,-999.0,36.92,0.11,0.34,11.39
2024,37,20.0,18.25,-999.0,43.41,0.11,0.34,11.09
2024,38,18.21,16.24,-999.0,48.61,0.11,0.34,8.12
2024,39,19.38,14.46,-999.0,61.7,0.11,0.34,8.66
2024,40,16.93,17.07,-999.0,50.35,0.11,0.34,10.78
2024,41,19.87,17.88,-999.0,49.96,0.11,0.34,9.89
2024,42,20.11,17.35,-999.0,55.37,0.11,0.34,11.09
2024,43,17.4,16.92,-999.0,56.33,0.11,0.34,10.14
2024,44,20.34,17.27,-999.0,58.24,0.11,0.34,9.66
2024,45,22.18,18.52,-999.0,48.11,0.11,0.34,10.69
2024,46,19.68,19.17,-999.0,39.93,0.11,0.34,10.8
2024,47,17.62,18.77,-999.0,49.35,0.1,0.34,13.96
2024,48,22.88,19.82,-999.0,39.7,0.1,0.34,13.77
2024,49,23.34,19.23,-999.0,38.39,0.1,0.34,11.98
2024,50,22.86,18.37,-999.0,36.46,0.1,0.34,9.09
2024,51,22.99,19.5,-999.0,34.47,0.1,0.34,12.58
2024,52,23.63,18.82,-999.0,47.45,0.1,0.34,11.69
2024,53,25.11,17.58,-999.0,42.45,0.1,0.34,10.22
2024,54,25.16,16.58,-999.0,40.25,0.1,0.34,8.49
2024,55,25.5,17.93,-999.0,24.67,0.1,0.34,9.07
2024,56,25.82,18.98,-999.0,26.92,0.1,0.34,10.4
2024,57,24.64,19.07,-999.0,23.82,0.09,0.34,10.42
2024,58,22.27,18.85,-999.0,41.83,0.09,0.34,11.35
2024,59,23.29,18.92,-999.0,56.15,0.09,0.34,11.66
2024,60,22.13,19.28,-999.0,47.25,0.09,0.34,13.73
2024,61,23.15,17.31,-999.0,47.18,0.09,0.34,8.34
2024,62,23.63,19.29,-999.0,46.85,0.09,0.34,11.07
2024,63,24.63,19.31,-999.0,52.89,0.09,0.34,11.9
2024,64,24.41,19.71,-999.0,51.94,0.09,0.34,12.17
2024,65,24.52,21.54,-999.0,45.33,0.09,0.34,14.27
2024,66,22.66,20.99,-999.0,45.18,0.09,0.34,13.63
2024,67,23.0,20.72,-999.0,43.71,0.09,0.34,12.77
2024,68,22.52,20.56,-999.0,49.31,0.09,0.34,14.1
2024,69,18.5,18.67,-999.0,59.81,0.09,0.34,12.34
2024,70,21.03,18.46,-999.0,62.59,0.09,0.34,13.28
2024,71,24.31,20.05,-999.0,51.48,0.09,0.34,12.29
2024,72,21.17,20.55,-999.0,44.15,0.09,0.34,14.93
2024,73,20.86,18.29,-999.0,62.81,0.09,0.34,13.0
2024,74,23.84,20.57,-999.0,44.69,0.09,0.34,13.17
2024,75,25.12,21.77,-999.0,25.58,0.09,0.34,15.07
2024,76,25.21,21.77,-999.0,30.71,0.09,0.34,15.5
2024,77,24.1,21.73,-999.0,26.11,0.09,0.34,15.58
2024,78,26.0,20.9,-999.0,29.0,0.09,0.34,14.33
2024,79,25.88,21.14,-999.0,34.67,0.08,0.34,12.62
2024,80,26.77,21.8,-999.0,25.71,0.08,0.34,15.65
2024,81,25.25,21.45,-999.0,26.01,0.08,0.34,15.93
2024,82,26.2,21.19,-999.0,36.41,0.08,0.33,14.97
2024,83,22.67,21.18,-999.0,41.63,0.08,0.33,14.11
2024,84,19.72,20.54,-999.0,52.65,0.08,0.33,13.58
2024,85,7.17,16.92,-999.0,63.54,0.11,0.34,13.4
2024,86,9.52,16.83,-999.0,65.79,0.18,0.34,12.31
2024,87,21.31,17.19,-999.0,64.69,0.34,0.35,11.08
2024,88,22.6,17.95,-999.0,61.56,0.33,0.35,11.55
2024,89,24.74,18.54,-999.0,58.25,0.29,0.35,12.12
2024,90,25.38,20.12,-999.0,49.29,0.27,0.35,12.42
2024,91,12.63,19.85,-999.0,49.19,0.26,0.34,15.78
2024,92,20.64,19.95,-999.0,48.45,0.24,0.34,14.22
2024,93,10.21,17.51,-999.0,59.76,0.24,0.34,14.25
2024,94,17.44,18.57,-999.0,58.95,0.23,0.34,13.02
2024,95,15.57,18.87,-999.0,59.81,0.24,0.34,12.79
2024,96,19.17,18.57,-999.0,68.99,0.28,0.35,13.94
2024,97,24.56,18.5,-999.0,68.03,0.29,0.35,15.08
2024,98,23.17,18.61,-999.0,64.0,0.28,0.34,14.58
2024,99,25.85,21.65,-999.0,49.93,0.26,0.34,12.7
2024,100,23.02,22.02,-999.0,46.43,0.23,0.34,16.33
2024,101,23.29,19.52,-999.0,62.6,0.22,0.34,16.12
2024,102,26.09,22.5,-999.0,46.59,0.21,0.34,15.07
2024,103,24.67,22.97,-999.0,41.72,0.2,0.34,17.44
2024,104,26.02,23.18,-999.0,45.93,0.19,0.34,15.71
2024,105,27.88,23.1,-999.0,44.23,0.18,0.34,14.25
2024,106,28.26,21.31,-999.0,51.9,0.17,0.34,14.63
2024,107,23.87,20.14,-999.0,65.69,0.16,0.34,14.84
2024,108,26.18,21.96,-999.0,50.83,0.16,0.34,14.32
2024,109,23.64,22.2,-999.0,43.16,0.15,0.34,16.43
2024,110,21.22,21.75,-999.0,50.46,0.15,0.34,15.32
2024,111,23.19,21.08,-999.0,51.84,0.15,0.34,13.75
2024,112,24.19,20.73,-999.0,53.16,0.17,0.34,15.16
2024,113,24.48,20.26,-999.0,58.08,0.17,0.34,15.77
2024,114,20.38,20.68,-999.0,47.84,0.16,0.34,16.26
2024,115,23.92,20.52,-999.0,39.13,0.16,0.34,13.54
2024,116,25.92,21.13,-999.0,39.0,0.15,0.34,15.03
2024,117,23.24,20.21,-999.0,48.27,0.15,0.34,14.61
2024,118,19.75,20.43,-999.0,47.57,0.15,0.34,14.01
2024,119,19.46,20.77,-999.0,45.08,0.15,0.34,14.0
2024,120,25.01,19.92,-999.0,55.47,0.14,0.34,16.03
2024,121,22.51,22.05,-999.0,35.87,0.14,0.34,13.87
2024,122,23.28,22.09,-999.0,44.9,0.14,0.34,14.79
2024,123,27.07,21.97,-999.0,47.29,0.17,0.34,14.2
2024,124,28.27,22.49,-999.0,41.59,0.17,0.34,14.25
2024,125,26.86,21.56,-999.0,49.6,0.16,0.34,16.68
2024,126,26.96,22.48,-999.0,44.24,0.17,0.34,15.08
2024,127,26.49,21.23,-999.0,47.86,0.17,0.34,15.97
2024,128,23.89,21.46,-999.0,50.71,0.17,0.34,15.04
2024,129,18.8,22.16,-999.0,47.68,0.16,0.34,17.1
2024,130,17.86,20.7,-999.0,57.23,0.17,0.34,16.66
2024,131,17.38,19.55,-999.0,62.44,0.31,0.35,16.12
2024,132,21.43,19.27,-999.0,60.66,0.3,0.35,14.16
2024,133,27.96,20.78,-999.0,35.63,0.27,0.34,13.63
2024,134,28.33,22.24,-999.0,26.77,0.24,0.34,15.77
2024,135,27.75,23.29,-999.0,27.66,0.22,0.34,16.88
2024,136,27.06,23.67,-999.0,29.28,0.2,0.34,17.4
2024,137,23.75,23.29,-999.0,37.58,0.19,0.34,17.19
2024,138,23.7,22.78,-999.0,43.53,0.18,0.34,16.04
2024,139,25.8,22.07,-999.0,37.99,0.17,0.34,15.27
2024,140,25.95,21.03,-999.0,40.0,0.17,0.34,14.68
2024,141,27.15,20.32,-999.0,27.37,0.16,0.34,13.59
2024,142,27.94,21.31,-999.0,18.24,0.16,0.34,15.2
2024,143,28.36,22.04,-999.0,19.63,0.15,0.34,15.41
2024,144,28.59,23.37,-999.0,17.06,0.14,0.34,16.2
2024,145,27.15,24.01,-999.0,21.34,0.14,0.34,18.06
2024,146,26.31,24.44,-999.0,22.51,0.13,0.34,17.71
2024,147,26.82,24.37,-999.0,23.26,0.13,0.34,17.53
2024,148,28.14,23.64,-999.0,19.16,0.13,0.34,17.59
2024,149,27.59,23.75,-999.0,22.06,0.12,0.34,17.07
2024,150,27.0,23.47,-999.0,19.67,0.12,0.34,17.79
2024,151,27.17,23.43,-999.0,20.96,0.12,0.34,17.05
2024,152,27.22,23.51,-999.0,19.37,0.12,0.34,18.1
2024,153,26.1,22.73,-999.0,26.55,0.11,0.34,15.75
2024,154,26.82,24.46,-999.0,23.05,0.11,0.34,18.14
2024,155,22.23,23.72,-999.0,25.58,0.11,0.34,18.05
2024,156,27.75,22.81,-999.0,19.3,0.11,0.34,16.49
2024,157,28.93,22.25,-999.0,17.06,0.11,0.34,15.86
2024,158,28.78,21.99,-999.0,20.27,0.11,0.34,14.72
2024,159,29.31,22.96,-999.0,18.85,0.1,0.34,16.24
2024,160,28.68,24.45,-999.0,15.4,0.1,0.34,17.86
2024,161,26.58,25.07,-999.0,23.04,0.1,0.34,16.36
2024,162,24.61,25.56,-999.0,16.79,0.1,0.34,19.37
2024,163,25.92,23.51,-999.0,23.89,0.1,0.34,17.12
2024,164,28.66,23.16,-999.0,24.22,0.1,0.34,17.74
2024,165,28.26,23.41,-999.0,28.46,0.1,0.34,17.54
2024,166,23.54,23.81,-999.0,30.62,0.09,0.34,16.67
2024,167,16.91,23.72,-999.0,38.38,0.09,0.34,17.73
2024,168,27.5,24.23,-999.0,32.9,0.09,0.34,16.61
2024,169,28.17,24.45,-999.0,22.63,0.09,0.34,17.46
2024,170,27.78,23.91,-999.0,13.28,0.09,0.34,18.64
2024,171,27.46,24.07,-999.0,19.39,0.09,0.34,17.6
2024,172,21.9,23.8,-999.0,32.86,0.09,0.34,18.08
2024,173,22.0,24.79,-999.0,34.43,0.09,0.34,19.67
2024,174,25.93,24.14,-999.0,31.97,0.09,0.34,17.63
2024,175,25.31,25.09,-999.0,27.74,0.09,0.34,18.39
2024,176,24.93,24.87,-999.0,32.84,0.09,0.34,17.71
2024,177,20.02,24.51,-999.0,33.35,0.09,0.34,19.0
2024,178,21.61,24.81,-999.0,38.04,0.09,0.34,18.19
2024,179,21.23,24.22,-999.0,44.71,0.09,0.34,18.8
2024,180,18.27,23.55,-999.0,44.13,0.09,0.34,18.04
2024,181,20.62,22.96,-999.0,47.03,0.09,0.34,18.22
2024,182,21.83,24.42,-999.0,35.76,0.09,0.34,17.34
2024,183,21.65,24.2,-999.0,40.04,0.09,0.34,18.23
2024,184,24.15,23.74,-999.0,32.52,0.09,0.34,19.02
2024,185,23.49,22.97,-999.0,36.23,0.08,0.34,18.08
2024,186,18.4,22.25,-999.0,40.91,0.08,0.34,17.13
2024,187,17.71,22.93,-999.0,43.38,0.08,0.34,18.08
2024,188,21.29,24.84,-999.0,31.52,0.08,0.34,18.71
2024,189,21.14,24.51,-999.0,34.93,0.08,0.33,18.98
2024,190,26.8,24.34,-999.0,36.52,0.08,0.33,18.11
2024,191,25.84,24.06,-999.0,38.82,0.09,0.34,16.16
2024,192,24.03,24.87,-999.0,35.7,0.09,0.34,17.7
2024,193,17.45,25.05,-999.0,32.54,0.08,0.34,19.16
2024,194,15.18,22.8,-999.0,42.62,0.08,0.34,18.02
2024,195,19.85,24.14,-999.0,38.55,0.08,0.34,19.68
2024,196,19.74,23.34,-999.0,46.26,0.08,0.34,18.6
2024,197,19.3,22.06,-999.0,53.82,0.08,0.34,18.85
2024,198,22.71,23.1,-999.0,53.54,0.09,0.34,16.29
2024,199,23.51,24.13,-999.0,46.42,0.09,0.34,17.7
2024,200,19.31,22.96,-999.0,47.85,0.09,0.34,16.83
2024,201,10.42,21.39,-999.0,52.01,0.09,0.34,17.48
2024,202,17.72,22.84,-999.0,46.06,0.09,0.34,17.9
2024,203,19.17,22.12,-999.0,52.16,0.09,0.34,17.62
2024,204,21.14,23.83,-999.0,45.49,0.09,0.34,17.81
2024,205,21.46,23.11,-999.0,44.85,0.09,0.34,16.6
2024,206,18.61,21.23,-999.0,53.53,0.09,0.34,16.07
2024,207,19.3,20.92,-999.0,56.87,0.1,0.34,14.8
2024,208,20.2,20.99,-999.0,55.82,0.23,0.34,16.91
2024,209,16.56,20.86,-999.0,56.63,0.27,0.34,16.76
2024,210,21.9,22.64,-999.0,47.9,0.26,0.34,16.76
2024,211,18.27,21.68,-999.0,53.75,0.24,0.34,17.45
2024,212,17.29,19.83,-999.0,63.14,0.24,0.34,15.91
2024,213,19.25,20.12,-999.0,61.88,0.24,0.34,16.31
2024,214,15.06,20.96,-999.0,59.43,0.23,0.34,16.41
2024,215,18.14,21.06,-999.0,61.57,0.23,0.34,17.1
2024,216,16.8,20.23,-999.0,54.82,0.32,0.35,15.81
2024,217,21.03,21.28,-999.0,58.91,0.31,0.35,16.51
2024,218,20.13,22.05,-999.0,56.24,0.34,0.35,15.7
2024,219,20.21,22.5,-999.0,53.91,0.33,0.35,17.22
2024,220,18.59,21.23,-999.0,58.73,0.38,0.35,16.31
2024,221,20.0,20.98,-999.0,59.65,0.37,0.36,17.13
2024,222,19.4,21.4,-999.0,56.53,0.36,0.36,15.54
2024,223,23.49,22.8,-999.0,46.16,0.33,0.36,16.18
2024,224,14.44,22.54,-999.0,52.06,0.31,0.35,16.05
2024,225,19.4,22.4,-999.0,58.27,0.38,0.36,17.9
2024,226,22.9,22.43,-999.0,51.47,0.35,0.36,16.27
2024,227,19.13,22.16,-999.0,54.63,0.33,0.36,16.63
2024,228,23.92,23.22,-999.0,51.13,0.36,0.36,18.09
2024,229,22.22,22.33,-999.0,57.66,0.37,0.36,16.96
2024,230,15.87,21.61,-999.0,57.34,0.35,0.36,15.24
2024,231,21.27,21.95,-999.0,58.05,0.35,0.36,17.84
2024,232,20.25,22.69,-999.0,56.91,0.33,0.36,16.15
2024,233,18.9,20.27,-999.0,66.06,0.34,0.36,17.05
2024,234,22.97,21.06,-999.0,63.36,0.37,0.36,16.78
2024,235,20.17,21.9,-999.0,59.37,0.34,0.36,17.05
2024,236,22.36,20.49,-999.0,68.58,0.36,0.36,17.48
2024,237,19.76,19.95,-999.0,70.8,0.46,0.37,16.95
2024,238,25.35,20.78,-999.0,61.71,0.4,0.38,14.94
2024,239,24.39,21.07,-999.0,59.04,0.36,0.38,16.33
2024,240,22.3,21.44,-999.0,59.2,0.36,0.38,16.93
2024,241,22.21,21.44,-999.0,55.12,0.37,0.38,16.05
2024,242,22.8,22.18,-999.0,52.38,0.35,0.38,16.2
2024,243,23.21,20.92,-999.0,58.03,0.34,0.38,15.21
